Zona Portuaria,SOCIEDAD PORTUARIA,TIPO DE SERVICIO,TIPO DE CARGA,EXPORTACION,IMPORTACIÓN,TRANSBORDO,TRANSITO INTERNACIONAL,FLUVIAL,CABOTAJE,MOVILIZACIONES A BORDO,TRANSITORIA,AÑO VIGENCIA,MES VIGENCIA,Departamento,Latitud,Longitud
BARRANQUILLA,COMPA�IA DE PUERTOS ASOCIADOS S.A.,PUBLICO,GENERAL,0,15083,0,0,0,0,0,0,2018,5,ATLÁNTICO,10.981520510121,-74.82771543881358
BARRANQUILLA,SOCIEDAD PORTUARIA REGIONAL DE BARRANQUILLA S.A.,PUBLICO,GRANEL SOLIDO DIFER. DE CARBON,0,146012,0,0,0,1037,0,0,2018,6,ATLÁNTICO,10.981520510121,-74.82771543881358
BARRANQUILLA,SOCIEDAD PORTUARIA REGIONAL DE BARRANQUILLA S.A.,PUBLICO,CARBON AL GRANEL,18359,0,0,0,0,0,0,0,2018,2,ATLÁNTICO,10.981520510121,-74.82771543881358
BARRANQUILLA,COMPA�IA DE PUERTOS ASOCIADOS S.A.,PUBLICO,GRANEL LIQUIDO,0,3296,0,0,0,0,0,0,2018,12,ATLÁNTICO,10.981520510121,-74.82771543881358
BARRANQUILLA,COMPA�IA DE PUERTOS ASOCIADOS S.A.,PUBLICO,CARBON AL GRANEL,56506,0,0,0,0,0,0,0,2018,4,ATLÁNTICO,10.981520510121,-74.82771543881358
BARRANQUILLA,COMPA�IA DE PUERTOS ASOCIADOS S.A.,PUBLICO,GRANEL SOLIDO DIFER. DE CARBON,0,26042,0,0,0,0,0,0,2018,5,ATLÁNTICO,10.981520510121,-74.82771543881358
BARRANQUILLA,SOCIEDAD PORTUARIA REGIONAL DE BARRANQUILLA S.A.,PUBLICO,GRANEL SOLIDO DIFER. DE CARBON,0,105790,0,0,0,0,0,0,2018,4,ATLÁNTICO,10.981520510121,-74.82771543881358
BARRANQUILLA,COMPA�IA DE PUERTOS ASOCIADOS S.A.,PUBLICO,CARBON AL GRANEL,15983,0,0,0,0,0,0,0,2018,11,ATLÁNTICO,10.981520510121,-74.82771543881358
BARRANQUILLA,SOCIEDAD PORTUARIA REGIONAL DE BARRANQUILLA S.A.,PUBLICO,GENERAL,113,32968,0,0,0,429,0,0,2018,11,ATLÁNTICO,10.981520510121,-74.82771543881358
BARRANQUILLA,SOCIEDAD PORTUARIA REGIONAL DE BARRANQUILLA S.A.,PUBLICO,GRANEL SOLIDO DIFER. DE CARBON,0,150998,0,0,0,0,0,0,2018,7,ATLÁNTICO,10.981520510121,-74.82771543881358
BARRANQUILLA,SOCIEDAD PORTUARIA REGIONAL DE BARRANQUILLA S.A.,PUBLICO,GRANEL LIQUIDO,0,1447,0,0,0,0,0,0,2018,9,ATLÁNTICO,10.981520510121,-74.82771543881358
BARRANQUILLA,SOCIEDAD PORTUARIA REGIONAL DE BARRANQUILLA S.A.,PUBLICO,GENERAL,537,20400,0,70,0,1415,0,0,2018,6,ATLÁNTICO,10.981520510121,-74.82771543881358
BARRANQUILLA,SOCIEDAD PORTUARIA REGIONAL DE BARRANQUILLA S.A.,PUBLICO,CARBON AL GRANEL,76736,0,0,0,0,0,0,0,2018,6,ATLÁNTICO,10.981520510121,-74.82771543881358
BARRANQUILLA,COMPA�IA DE PUERTOS ASOCIADOS S.A.,PUBLICO,GENERAL,0,60692,0,0,0,0,0,0,2018,4,ATLÁNTICO,10.981520510121,-74.82771543881358
BARRANQUILLA,SOCIEDAD PORTUARIA REGIONAL DE BARRANQUILLA S.A.,PUBLICO,GENERAL,190,10960,0,0,0,2653,0,0,2018,12,ATLÁNTICO,10.981520510121,-74.82771543881358
BARRANQUILLA,SOCIEDAD PORTUARIA REGIONAL DE BARRANQUILLA S.A.,PUBLICO,GRANEL LIQUIDO,0,1978,0,0,0,0,0,0,2018,12,ATLÁNTICO,10.981520510121,-74.82771543881358
BARRANQUILLA,COMPA�IA DE PUERTOS ASOCIADOS S.A.,PUBLICO,GRANEL SOLIDO DIFER. DE CARBON,0,11566,0,0,0,0,0,0,2018,7,ATLÁNTICO,10.981520510121,-74.82771543881358
BARRANQUILLA,COMPA�IA DE PUERTOS ASOCIADOS S.A.,PUBLICO,CARBON AL GRANEL,25997,0,0,0,0,0,0,0,2018,9,ATLÁNTICO,10.981520510121,-74.82771543881358
BARRANQUILLA,SOCIEDAD PORTUARIA REGIONAL DE BARRANQUILLA S.A.,PUBLICO,GRANEL LIQUIDO,0,1888,0,0,0,0,0,0,2018,8,ATLÁNTICO,10.981520510121,-74.82771543881358
BARRANQUILLA,SOCIEDAD PORTUARIA REGIONAL DE BARRANQUILLA S.A.,PUBLICO,CONTENEDORES,38835,71616,0,0,0,0,0,0,2018,5,ATLÁNTICO,10.981520510121,-74.82771543881358
BARRANQUILLA,SOCIEDAD PORTUARIA REGIONAL DE BARRANQUILLA S.A.,PUBLICO,CARBON AL GRANEL,83007,0,0,0,0,0,0,0,2018,5,ATLÁNTICO,10.981520510121,-74.82771543881358
BARRANQUILLA,SOCIEDAD PORTUARIA REGIONAL DE BARRANQUILLA S.A.,PUBLICO,GRANEL LIQUIDO,0,1985,0,0,0,0,0,0,2018,7,ATLÁNTICO,10.981520510121,-74.82771543881358
BARRANQUILLA,COMPA�IA DE PUERTOS ASOCIADOS S.A.,PUBLICO,GENERAL,0,13313,0,0,0,0,0,0,2018,12,ATLÁNTICO,10.981520510121,-74.82771543881358
BARRANQUILLA,SOCIEDAD PORTUARIA REGIONAL DE BARRANQUILLA S.A.,PUBLICO,CONTENEDORES,41350,76862,0,67,0,0,0,0,2018,10,ATLÁNTICO,10.981520510121,-74.82771543881358
BARRANQUILLA,COMPA�IA DE PUERTOS ASOCIADOS S.A.,PUBLICO,GRANEL LIQUIDO,0,19118,0,0,0,0,0,0,2018,2,ATLÁNTICO,10.981520510121,-74.82771543881358
BARRANQUILLA,COMPA�IA DE PUERTOS ASOCIADOS S.A.,PUBLICO,GRANEL LIQUIDO,0,6423,0,0,0,0,0,0,2018,3,ATLÁNTICO,10.981520510121,-74.82771543881358
BARRANQUILLA,COMPA�IA DE PUERTOS ASOCIADOS S.A.,PUBLICO,GRANEL SOLIDO DIFER. DE CARBON,0,12650,0,0,0,0,0,0,2018,11,ATLÁNTICO,10.981520510121,-74.82771543881358
BARRANQUILLA,SOCIEDAD PORTUARIA REGIONAL DE BARRANQUILLA S.A.,PUBLICO,CONTENEDORES,47317,77991,0,284,0,0,0,0,2018,11,ATLÁNTICO,10.981520510121,-74.82771543881358
BARRANQUILLA,COMPA�IA DE PUERTOS ASOCIADOS S.A.,PUBLICO,GENERAL,0,19777,0,0,0,0,0,0,2018,9,ATLÁNTICO,10.981520510121,-74.82771543881358
BARRANQUILLA,SOCIEDAD PORTUARIA REGIONAL DE BARRANQUILLA S.A.,PUBLICO,GENERAL,98,26728,0,0,0,1110,0,0,2018,8,ATLÁNTICO,10.981520510121,-74.82771543881358
BARRANQUILLA,COMPA�IA DE PUERTOS ASOCIADOS S.A.,PUBLICO,GRANEL LIQUIDO,0,9869,0,0,0,0,0,0,2018,5,ATLÁNTICO,10.981520510121,-74.82771543881358
BARRANQUILLA,SOCIEDAD PORTUARIA REGIONAL DE BARRANQUILLA S.A.,PUBLICO,CONTENEDORES,41897,73780,0,90,0,0,0,0,2018,8,ATLÁNTICO,10.981520510121,-74.82771543881358
BARRANQUILLA,COMPA�IA DE PUERTOS ASOCIADOS S.A.,PUBLICO,GENERAL,0,22079,0,0,0,0,0,0,2018,11,ATLÁNTICO,10.981520510121,-74.82771543881358
BARRANQUILLA,SOCIEDAD PORTUARIA REGIONAL DE BARRANQUILLA S.A.,PUBLICO,GRANEL SOLIDO DIFER. DE CARBON,0,132726,0,0,0,0,0,0,2018,11,ATLÁNTICO,10.981520510121,-74.82771543881358
BARRANQUILLA,COMPA�IA DE PUERTOS ASOCIADOS S.A.,PUBLICO,GRANEL SOLIDO DIFER. DE CARBON,0,13312,0,0,0,0,0,0,2018,8,ATLÁNTICO,10.981520510121,-74.82771543881358
BARRANQUILLA,COMPA�IA DE PUERTOS ASOCIADOS S.A.,PUBLICO,GRANEL SOLIDO DIFER. DE CARBON,0,4951,0,0,0,0,0,0,2018,6,ATLÁNTICO,10.981520510121,-74.82771543881358
BARRANQUILLA,SOCIEDAD PORTUARIA REGIONAL DE BARRANQUILLA S.A.,PUBLICO,GRANEL SOLIDO DIFER. DE CARBON,0,157982,0,0,0,0,0,0,2018,1,ATLÁNTICO,10.981520510121,-74.82771543881358
BARRANQUILLA,SOCIEDAD PORTUARIA REGIONAL DE BARRANQUILLA S.A.,PUBLICO,GRANEL LIQUIDO,0,3095,0,0,0,0,0,0,2018,6,ATLÁNTICO,10.981520510121,-74.82771543881358
BARRANQUILLA,SOCIEDAD PORTUARIA REGIONAL DE BARRANQUILLA S.A.,PUBLICO,GENERAL,0,107564,0,0,12190,1096,0,0,2018,10,ATLÁNTICO,10.981520510121,-74.82771543881358
BARRANQUILLA,SOCIEDAD PORTUARIA REGIONAL DE BARRANQUILLA S.A.,PUBLICO,CARBON AL GRANEL,58057,0,0,0,0,0,0,0,2018,9,ATLÁNTICO,10.981520510121,-74.82771543881358
BARRANQUILLA,COMPA�IA DE PUERTOS ASOCIADOS S.A.,PUBLICO,GRANEL SOLIDO DIFER. DE CARBON,0,10694,0,0,0,0,0,0,2018,9,ATLÁNTICO,10.981520510121,-74.82771543881358
BARRANQUILLA,SOCIEDAD PORTUARIA REGIONAL DE BARRANQUILLA S.A.,PUBLICO,GRANEL SOLIDO DIFER. DE CARBON,0,207224,0,0,0,0,0,0,2018,5,ATLÁNTICO,10.981520510121,-74.82771543881358
BARRANQUILLA,SOCIEDAD PORTUARIA REGIONAL DE BARRANQUILLA S.A.,PUBLICO,CARBON AL GRANEL,162289,0,0,0,0,0,0,0,2018,3,ATLÁNTICO,10.981520510121,-74.82771543881358
BARRANQUILLA,COMPA�IA DE PUERTOS ASOCIADOS S.A.,PUBLICO,GRANEL SOLIDO DIFER. DE CARBON,0,3548,0,0,0,0,0,0,2018,4,ATLÁNTICO,10.981520510121,-74.82771543881358
BARRANQUILLA,SOCIEDAD PORTUARIA REGIONAL DE BARRANQUILLA S.A.,PUBLICO,CONTENEDORES,40217,62789,0,202,0,0,0,0,2018,6,ATLÁNTICO,10.981520510121,-74.82771543881358
BARRANQUILLA,SOCIEDAD PORTUARIA REGIONAL DE BARRANQUILLA S.A.,PUBLICO,GENERAL,5,67882,0,0,12762,1415,0,0,2018,3,ATLÁNTICO,10.981520510121,-74.82771543881358
BARRANQUILLA,SOCIEDAD PORTUARIA REGIONAL DE BARRANQUILLA S.A.,PUBLICO,GENERAL,2174,18538,0,0,0,946,0,0,2018,2,ATLÁNTICO,10.981520510121,-74.82771543881358
BARRANQUILLA,SOCIEDAD PORTUARIA REGIONAL DE BARRANQUILLA S.A.,PUBLICO,CARBON AL GRANEL,82464,0,0,0,0,0,0,0,2018,4,ATLÁNTICO,10.981520510121,-74.82771543881358
BARRANQUILLA,COMPA�IA DE PUERTOS ASOCIADOS S.A.,PUBLICO,GENERAL,0,37469,0,0,0,0,0,0,2018,6,ATLÁNTICO,10.981520510121,-74.82771543881358
BARRANQUILLA,COMPA�IA DE PUERTOS ASOCIADOS S.A.,PUBLICO,CARBON AL GRANEL,93406,0,0,0,0,0,0,0,2018,5,ATLÁNTICO,10.981520510121,-74.82771543881358
BARRANQUILLA,SOCIEDAD PORTUARIA REGIONAL DE BARRANQUILLA S.A.,PUBLICO,CONTENEDORES,43314,62329,0,0,0,0,0,0,2018,4,ATLÁNTICO,10.981520510121,-74.82771543881358
BARRANQUILLA,SOCIEDAD PORTUARIA REGIONAL DE BARRANQUILLA S.A.,PUBLICO,CARBON AL GRANEL,102089,0,0,0,0,0,0,0,2018,8,ATLÁNTICO,10.981520510121,-74.82771543881358
BARRANQUILLA,COMPA�IA DE PUERTOS ASOCIADOS S.A.,PUBLICO,GENERAL,0,34679,0,0,0,0,0,0,2018,10,ATLÁNTICO,10.981520510121,-74.82771543881358
BARRANQUILLA,SOCIEDAD PORTUARIA REGIONAL DE BARRANQUILLA S.A.,PUBLICO,CARBON AL GRANEL,32745,0,0,0,0,0,0,0,2018,11,ATLÁNTICO,10.981520510121,-74.82771543881358
BARRANQUILLA,COMPA�IA DE PUERTOS ASOCIADOS S.A.,PUBLICO,CARBON AL GRANEL,25405,0,0,0,0,0,0,0,2018,1,ATLÁNTICO,10.981520510121,-74.82771543881358
BARRANQUILLA,COMPA�IA DE PUERTOS ASOCIADOS S.A.,PUBLICO,CARBON AL GRANEL,57090,0,0,0,0,0,0,0,2018,10,ATLÁNTICO,10.981520510121,-74.82771543881358
BARRANQUILLA,SOCIEDAD PORTUARIA REGIONAL DE BARRANQUILLA S.A.,PUBLICO,GENERAL,3000,72626,0,0,0,1485,0,0,2018,4,ATLÁNTICO,10.981520510121,-74.82771543881358
BARRANQUILLA,SOCIEDAD PORTUARIA REGIONAL DE BARRANQUILLA S.A.,PUBLICO,GRANEL SOLIDO DIFER. DE CARBON,0,117758,0,0,0,0,0,0,2018,10,ATLÁNTICO,10.981520510121,-74.82771543881358
BARRANQUILLA,COMPA�IA DE PUERTOS ASOCIADOS S.A.,PUBLICO,GENERAL,6821,53523,0,0,0,6000,0,0,2018,2,ATLÁNTICO,10.981520510121,-74.82771543881358
BARRANQUILLA,COMPA�IA DE PUERTOS ASOCIADOS S.A.,PUBLICO,GRANEL SOLIDO DIFER. DE CARBON,0,4965,0,0,0,0,0,0,2018,1,ATLÁNTICO,10.981520510121,-74.82771543881358
BARRANQUILLA,SOCIEDAD PORTUARIA REGIONAL DE BARRANQUILLA S.A.,PUBLICO,GRANEL SOLIDO DIFER. DE CARBON,0,127553,0,0,0,876,0,0,2018,3,ATLÁNTICO,10.981520510121,-74.82771543881358
BARRANQUILLA,COMPA�IA DE PUERTOS ASOCIADOS S.A.,PUBLICO,CARBON AL GRANEL,47934,0,0,0,0,0,0,0,2018,8,ATLÁNTICO,10.981520510121,-74.82771543881358
BARRANQUILLA,SOCIEDAD PORTUARIA REGIONAL DE BARRANQUILLA S.A.,PUBLICO,GRANEL SOLIDO DIFER. DE CARBON,0,119180,0,0,0,0,0,0,2018,12,ATLÁNTICO,10.981520510121,-74.82771543881358
BARRANQUILLA,SOCIEDAD PORTUARIA REGIONAL DE BARRANQUILLA S.A.,PUBLICO,CONTENEDORES,35951,45389,0,0,0,0,0,0,2018,1,ATLÁNTICO,10.981520510121,-74.82771543881358
BARRANQUILLA,SOCIEDAD PORTUARIA REGIONAL DE BARRANQUILLA S.A.,PUBLICO,GENERAL,57,36968,0,0,0,572,0,0,2018,9,ATLÁNTICO,10.981520510121,-74.82771543881358
BARRANQUILLA,COMPA�IA DE PUERTOS ASOCIADOS S.A.,PUBLICO,CARBON AL GRANEL,63130,0,0,0,0,0,0,0,2018,3,ATLÁNTICO,10.981520510121,-74.82771543881358
BARRANQUILLA,SOCIEDAD PORTUARIA REGIONAL DE BARRANQUILLA S.A.,PUBLICO,CARBON AL GRANEL,27597,0,0,0,0,0,0,0,2018,1,ATLÁNTICO,10.981520510121,-74.82771543881358
BARRANQUILLA,COMPA�IA DE PUERTOS ASOCIADOS S.A.,PUBLICO,CARBON AL GRANEL,21473,0,0,0,0,0,0,0,2018,12,ATLÁNTICO,10.981520510121,-74.82771543881358
BARRANQUILLA,SOCIEDAD PORTUARIA REGIONAL DE BARRANQUILLA S.A.,PUBLICO,GRANEL SOLIDO DIFER. DE CARBON,0,127284,0,0,0,0,0,0,2018,2,ATLÁNTICO,10.981520510121,-74.82771543881358
BARRANQUILLA,SOCIEDAD PORTUARIA REGIONAL DE BARRANQUILLA S.A.,PUBLICO,GRANEL LIQUIDO,0,2094,0,0,0,0,0,0,2018,3,ATLÁNTICO,10.981520510121,-74.82771543881358
BARRANQUILLA,COMPA�IA DE PUERTOS ASOCIADOS S.A.,PUBLICO,GRANEL LIQUIDO,0,6422,0,0,0,0,0,0,2018,7,ATLÁNTICO,10.981520510121,-74.82771543881358
BARRANQUILLA,SOCIEDAD PORTUARIA REGIONAL DE BARRANQUILLA S.A.,PUBLICO,GENERAL,50,87530,0,0,15125,934,0,0,2018,7,ATLÁNTICO,10.981520510121,-74.82771543881358
BARRANQUILLA,COMPA�IA DE PUERTOS ASOCIADOS S.A.,PUBLICO,GRANEL SOLIDO DIFER. DE CARBON,0,25181,0,0,0,0,0,0,2018,10,ATLÁNTICO,10.981520510121,-74.82771543881358
BARRANQUILLA,COMPA�IA DE PUERTOS ASOCIADOS S.A.,PUBLICO,GRANEL LIQUIDO,0,5591,0,0,0,0,0,0,2018,4,ATLÁNTICO,10.981520510121,-74.82771543881358
BARRANQUILLA,COMPA�IA DE PUERTOS ASOCIADOS S.A.,PUBLICO,GENERAL,0,9264,0,0,0,0,0,0,2018,1,ATLÁNTICO,10.981520510121,-74.82771543881358
BARRANQUILLA,SOCIEDAD PORTUARIA REGIONAL DE BARRANQUILLA S.A.,PUBLICO,CONTENEDORES,46389,74145,0,206,0,0,0,0,2018,12,ATLÁNTICO,10.981520510121,-74.82771543881358
BARRANQUILLA,COMPA�IA DE PUERTOS ASOCIADOS S.A.,PUBLICO,GRANEL LIQUIDO,0,5531,0,0,0,0,0,0,2018,6,ATLÁNTICO,10.981520510121,-74.82771543881358
BARRANQUILLA,COMPA�IA DE PUERTOS ASOCIADOS S.A.,PUBLICO,GRANEL SOLIDO DIFER. DE CARBON,0,7321,0,0,0,0,0,0,2018,12,ATLÁNTICO,10.981520510121,-74.82771543881358
BARRANQUILLA,COMPA�IA DE PUERTOS ASOCIADOS S.A.,PUBLICO,CARBON AL GRANEL,32583,0,0,0,0,0,0,0,2018,2,ATLÁNTICO,10.981520510121,-74.82771543881358
BARRANQUILLA,COMPA�IA DE PUERTOS ASOCIADOS S.A.,PUBLICO,GENERAL,0,49633,0,0,0,0,0,0,2018,8,ATLÁNTICO,10.981520510121,-74.82771543881358
BARRANQUILLA,COMPA�IA DE PUERTOS ASOCIADOS S.A.,PUBLICO,GRANEL LIQUIDO,0,2514,0,0,0,14878,0,0,2018,10,ATLÁNTICO,10.981520510121,-74.82771543881358
BARRANQUILLA,SOCIEDAD PORTUARIA REGIONAL DE BARRANQUILLA S.A.,PUBLICO,CARBON AL GRANEL,114548,0,0,0,0,0,0,0,2018,10,ATLÁNTICO,10.981520510121,-74.82771543881358
BARRANQUILLA,COMPA�IA DE PUERTOS ASOCIADOS S.A.,PUBLICO,GENERAL,0,20227,0,0,0,0,0,0,2018,7,ATLÁNTICO,10.981520510121,-74.82771543881358
BARRANQUILLA,SOCIEDAD PORTUARIA REGIONAL DE BARRANQUILLA S.A.,PUBLICO,CONTENEDORES,41174,73912,0,0,0,0,0,0,2018,3,ATLÁNTICO,10.981520510121,-74.82771543881358
BARRANQUILLA,SOCIEDAD PORTUARIA REGIONAL DE BARRANQUILLA S.A.,PUBLICO,GENERAL,0,38531,0,0,6690,1128,0,0,2018,1,ATLÁNTICO,10.981520510121,-74.82771543881358
BARRANQUILLA,SOCIEDAD PORTUARIA REGIONAL DE BARRANQUILLA S.A.,PUBLICO,CONTENEDORES,39907,67795,0,0,0,0,0,0,2018,2,ATLÁNTICO,10.981520510121,-74.82771543881358
BARRANQUILLA,COMPA�IA DE PUERTOS ASOCIADOS S.A.,PUBLICO,CARBON AL GRANEL,52561,0,0,0,0,0,0,0,2018,6,ATLÁNTICO,10.981520510121,-74.82771543881358
BARRANQUILLA,SOCIEDAD PORTUARIA REGIONAL DE BARRANQUILLA S.A.,PUBLICO,CARBON AL GRANEL,75580,0,0,0,0,0,0,0,2018,12,ATLÁNTICO,10.981520510121,-74.82771543881358
BARRANQUILLA,COMPA�IA DE PUERTOS ASOCIADOS S.A.,PUBLICO,GRANEL LIQUIDO,0,12599,0,0,0,0,0,0,2018,11,ATLÁNTICO,10.981520510121,-74.82771543881358
BARRANQUILLA,COMPA�IA DE PUERTOS ASOCIADOS S.A.,PUBLICO,CARBON AL GRANEL,16997,0,0,0,0,0,0,0,2018,7,ATLÁNTICO,10.981520510121,-74.82771543881358
BARRANQUILLA,SOCIEDAD PORTUARIA REGIONAL DE BARRANQUILLA S.A.,PUBLICO,GENERAL,92,39259,0,0,0,1503,0,0,2018,5,ATLÁNTICO,10.981520510121,-74.82771543881358
BARRANQUILLA,SOCIEDAD PORTUARIA REGIONAL DE BARRANQUILLA S.A.,PUBLICO,CONTENEDORES,42343,66052,0,122,0,0,0,0,2018,9,ATLÁNTICO,10.981520510121,-74.82771543881358
BARRANQUILLA,SOCIEDAD PORTUARIA REGIONAL DE BARRANQUILLA S.A.,PUBLICO,CARBON AL GRANEL,92763,0,0,0,0,0,0,0,2018,7,ATLÁNTICO,10.981520510121,-74.82771543881358
BARRANQUILLA,SOCIEDAD PORTUARIA REGIONAL DE BARRANQUILLA S.A.,PUBLICO,CONTENEDORES,47864,77689,0,230,0,0,0,0,2018,7,ATLÁNTICO,10.981520510121,-74.82771543881358
BARRANQUILLA,COMPA�IA DE PUERTOS ASOCIADOS S.A.,PUBLICO,GENERAL,0,9776,0,0,0,0,0,0,2018,3,ATLÁNTICO,10.981520510121,-74.82771543881358
BARRANQUILLA,SOCIEDAD PORTUARIA REGIONAL DE BARRANQUILLA S.A.,PUBLICO,GRANEL SOLIDO DIFER. DE CARBON,0,103975,0,0,0,0,0,0,2018,9,ATLÁNTICO,10.981520510121,-74.82771543881358
BARRANQUILLA,SOCIEDAD PORTUARIA REGIONAL DE BARRANQUILLA S.A.,PUBLICO,GRANEL SOLIDO DIFER. DE CARBON,0,132198,0,0,0,0,0,0,2018,8,ATLÁNTICO,10.981520510121,-74.82771543881358
BUENAVENTURA,SOCIEDAD PORTUARIA REGIONAL DE BUENAVENTURA S.A,PUBLICO,CONTENEDORES,102627,147698,398462,0,0,0,0,0,2018,8,VALLE DEL CAUCA,3.611424361645858,-77.08585898131581
BUENAVENTURA,SOCIEDAD PORTUARIA REGIONAL DE BUENAVENTURA S.A,PUBLICO,GRANEL SOLIDO DIFER. DE CARBON,34464,263755,0,0,0,0,0,0,2018,1,VALLE DEL CAUCA,3.611424361645858,-77.08585898131581
BUENAVENTURA,SOCIEDAD PORTUARIA TERMINAL DE CONTENEDORES DE BUENAVENTURA S.A.,PUBLICO,CONTENEDORES,90016,133204,95610,0,0,0,0,0,2018,3,VALLE DEL CAUCA,3.611424361645858,-77.08585898131581
BUENAVENTURA,COMPA�IA DE PUERTOS ASOCIADOS S.A.,PUBLICO,GRANEL SOLIDO DIFER. DE CARBON,0,58920,0,0,0,0,0,0,2018,2,VALLE DEL CAUCA,3.611424361645858,-77.08585898131581
BUENAVENTURA,SOCIEDAD PORTUARIA REGIONAL DE BUENAVENTURA S.A,PUBLICO,GRANEL LIQUIDO,0,31757,0,0,0,0,0,0,2018,6,VALLE DEL CAUCA,3.611424361645858,-77.08585898131581
BUENAVENTURA,COMPA�IA DE PUERTOS ASOCIADOS S.A.,PUBLICO,GRANEL SOLIDO DIFER. DE CARBON,0,83673,0,0,0,0,0,0,2018,10,VALLE DEL CAUCA,3.611424361645858,-77.08585898131581
BUENAVENTURA,SOCIEDAD PORTUARIA REGIONAL DE BUENAVENTURA S.A,PUBLICO,GRANEL LIQUIDO,0,36099,0,0,0,0,0,0,2018,10,VALLE DEL CAUCA,3.611424361645858,-77.08585898131581
BUENAVENTURA,SOCIEDAD PORTUARIA REGIONAL DE BUENAVENTURA S.A,PUBLICO,GENERAL,128,47349,78,0,0,0,0,0,2018,7,VALLE DEL CAUCA,3.611424361645858,-77.08585898131581
BUENAVENTURA,SOCIEDAD PORTUARIA REGIONAL DE BUENAVENTURA S.A,PUBLICO,GRANEL SOLIDO DIFER. DE CARBON,0,177239,0,0,0,0,0,0,2018,10,VALLE DEL CAUCA,3.611424361645858,-77.08585898131581
BUENAVENTURA,COMPA�IA DE PUERTOS ASOCIADOS S.A.,PUBLICO,GRANEL SOLIDO DIFER. DE CARBON,0,86729,0,0,0,0,0,0,2018,7,VALLE DEL CAUCA,3.611424361645858,-77.08585898131581
BUENAVENTURA,SOCIEDAD PORTUARIA REGIONAL DE BUENAVENTURA S.A,PUBLICO,GRANEL LIQUIDO,0,39803,0,0,0,0,0,0,2018,5,VALLE DEL CAUCA,3.611424361645858,-77.08585898131581
BUENAVENTURA,SOCIEDAD PORTUARIA REGIONAL DE BUENAVENTURA S.A,PUBLICO,GRANEL LIQUIDO,0,125583,0,0,0,0,0,0,2018,8,VALLE DEL CAUCA,3.611424361645858,-77.08585898131581
BUENAVENTURA,SOCIEDAD PORTUARIA REGIONAL DE BUENAVENTURA S.A,PUBLICO,GRANEL SOLIDO DIFER. DE CARBON,0,357103,0,0,0,0,0,0,2018,5,VALLE DEL CAUCA,3.611424361645858,-77.08585898131581
BUENAVENTURA,SOCIEDAD PORTUARIA REGIONAL DE BUENAVENTURA S.A,PUBLICO,CONTENEDORES,63776,175109,541963,0,0,0,0,0,2018,6,VALLE DEL CAUCA,3.611424361645858,-77.08585898131581
BUENAVENTURA,COMPA�IA DE PUERTOS ASOCIADOS S.A.,PUBLICO,GRANEL SOLIDO DIFER. DE CARBON,0,46254,0,0,0,0,0,0,2018,8,VALLE DEL CAUCA,3.611424361645858,-77.08585898131581
BUENAVENTURA,SOCIEDAD PORTUARIA REGIONAL DE BUENAVENTURA S.A,PUBLICO,CONTENEDORES,75753,222136,453372,0,0,0,0,0,2018,7,VALLE DEL CAUCA,3.611424361645858,-77.08585898131581
BUENAVENTURA,SOCIEDAD PORTUARIA TERMINAL DE CONTENEDORES DE BUENAVENTURA S.A.,PUBLICO,CONTENEDORES,77564,149433,107287,0,0,0,0,0,2018,1,VALLE DEL CAUCA,3.611424361645858,-77.08585898131581
BUENAVENTURA,SOCIEDAD PORTUARIA REGIONAL DE BUENAVENTURA S.A,PUBLICO,GRANEL SOLIDO DIFER. DE CARBON,0,248702,0,0,0,0,0,0,2018,2,VALLE DEL CAUCA,3.611424361645858,-77.08585898131581
BUENAVENTURA,COMPA�IA DE PUERTOS ASOCIADOS S.A.,PUBLICO,GRANEL SOLIDO DIFER. DE CARBON,0,66696,0,0,0,0,0,0,2018,11,VALLE DEL CAUCA,3.611424361645858,-77.08585898131581
BUENAVENTURA,SOCIEDAD PORTUARIA REGIONAL DE BUENAVENTURA S.A,PUBLICO,GENERAL,26,24663,0,0,0,0,0,0,2018,10,VALLE DEL CAUCA,3.611424361645858,-77.08585898131581
BUENAVENTURA,SOCIEDAD PORTUARIA REGIONAL DE BUENAVENTURA S.A,PUBLICO,GRANEL LIQUIDO,0,29142,0,0,0,0,0,0,2018,2,VALLE DEL CAUCA,3.611424361645858,-77.08585898131581
BUENAVENTURA,SOCIEDAD PORTUARIA REGIONAL DE BUENAVENTURA S.A,PUBLICO,GRANEL SOLIDO DIFER. DE CARBON,0,224591,0,0,0,0,0,0,2018,12,VALLE DEL CAUCA,3.611424361645858,-77.08585898131581
BUENAVENTURA,SOCIEDAD PORTUARIA REGIONAL DE BUENAVENTURA S.A,PUBLICO,GENERAL,34581,288204,0,0,0,0,0,0,2018,1,VALLE DEL CAUCA,3.611424361645858,-77.08585898131581
BUENAVENTURA,SOCIEDAD PORTUARIA TERMINAL DE CONTENEDORES DE BUENAVENTURA S.A.,PUBLICO,CONTENEDORES,35140,88732,65889,0,0,776,0,0,2018,12,VALLE DEL CAUCA,3.611424361645858,-77.08585898131581
BUENAVENTURA,SOCIEDAD PORTUARIA REGIONAL DE BUENAVENTURA S.A,PUBLICO,GENERAL,18,60573,0,0,0,0,0,0,2018,3,VALLE DEL CAUCA,3.611424361645858,-77.08585898131581
BUENAVENTURA,SOCIEDAD PORTUARIA REGIONAL DE BUENAVENTURA S.A,PUBLICO,GENERAL,556,58883,0,0,0,0,0,0,2018,11,VALLE DEL CAUCA,3.611424361645858,-77.08585898131581
BUENAVENTURA,SOCIEDAD PORTUARIA REGIONAL DE BUENAVENTURA S.A,PUBLICO,GENERAL,133,285094,0,0,0,0,0,0,2018,2,VALLE DEL CAUCA,3.611424361645858,-77.08585898131581
BUENAVENTURA,SOCIEDAD PORTUARIA REGIONAL DE BUENAVENTURA S.A,PUBLICO,GENERAL,11,58532,0,0,0,0,0,0,2018,6,VALLE DEL CAUCA,3.611424361645858,-77.08585898131581
BUENAVENTURA,SOCIEDAD PORTUARIA REGIONAL DE BUENAVENTURA S.A,PUBLICO,GENERAL,125,64095,0,0,0,0,0,0,2018,4,VALLE DEL CAUCA,3.611424361645858,-77.08585898131581
BUENAVENTURA,SOCIEDAD PORTUARIA REGIONAL DE BUENAVENTURA S.A,PUBLICO,CONTENEDORES,61315,201466,658909,0,0,0,0,0,2018,5,VALLE DEL CAUCA,3.611424361645858,-77.08585898131581
BUENAVENTURA,SOCIEDAD PORTUARIA REGIONAL DE BUENAVENTURA S.A,PUBLICO,GENERAL,0,278466,85,0,0,0,0,0,2018,8,VALLE DEL CAUCA,3.611424361645858,-77.08585898131581
BUENAVENTURA,SOCIEDAD PORTUARIA REGIONAL DE BUENAVENTURA S.A,PUBLICO,GRANEL LIQUIDO,0,12459,0,0,0,0,0,0,2018,4,VALLE DEL CAUCA,3.611424361645858,-77.08585898131581
BUENAVENTURA,COMPA�IA DE PUERTOS ASOCIADOS S.A.,PUBLICO,GRANEL SOLIDO DIFER. DE CARBON,0,79277,0,0,0,0,0,0,2018,4,VALLE DEL CAUCA,3.611424361645858,-77.08585898131581
BUENAVENTURA,SOCIEDAD PORTUARIA REGIONAL DE BUENAVENTURA S.A,PUBLICO,GRANEL LIQUIDO,0,18609,0,0,0,0,0,0,2018,1,VALLE DEL CAUCA,3.611424361645858,-77.08585898131581
BUENAVENTURA,COMPA�IA DE PUERTOS ASOCIADOS S.A.,PUBLICO,GRANEL SOLIDO DIFER. DE CARBON,0,69493,0,0,0,0,0,0,2018,1,VALLE DEL CAUCA,3.611424361645858,-77.08585898131581
BUENAVENTURA,COMPA�IA DE PUERTOS ASOCIADOS S.A.,PUBLICO,GRANEL SOLIDO DIFER. DE CARBON,0,45283,0,0,0,0,0,0,2018,5,VALLE DEL CAUCA,3.611424361645858,-77.08585898131581
BUENAVENTURA,SOCIEDAD PORTUARIA REGIONAL DE BUENAVENTURA S.A,PUBLICO,CONTENEDORES,81132,202641,682088,0,0,0,0,0,2018,1,VALLE DEL CAUCA,3.611424361645858,-77.08585898131581
BUENAVENTURA,SOCIEDAD PORTUARIA TERMINAL DE CONTENEDORES DE BUENAVENTURA S.A.,PUBLICO,CONTENEDORES,32946,99785,69000,0,0,0,0,0,2018,11,VALLE DEL CAUCA,3.611424361645858,-77.08585898131581
BUENAVENTURA,SOCIEDAD PORTUARIA REGIONAL DE BUENAVENTURA S.A,PUBLICO,GRANEL LIQUIDO,0,31303,0,0,0,0,0,0,2018,12,VALLE DEL CAUCA,3.611424361645858,-77.08585898131581
BUENAVENTURA,SOCIEDAD PORTUARIA REGIONAL DE BUENAVENTURA S.A,PUBLICO,GRANEL SOLIDO DIFER. DE CARBON,0,290594,0,0,0,0,0,0,2018,4,VALLE DEL CAUCA,3.611424361645858,-77.08585898131581
BUENAVENTURA,SOCIEDAD PORTUARIA REGIONAL DE BUENAVENTURA S.A,PUBLICO,CONTENEDORES,89420,162962,419854,0,0,0,0,0,2018,11,VALLE DEL CAUCA,3.611424361645858,-77.08585898131581
BUENAVENTURA,SOCIEDAD PORTUARIA REGIONAL DE BUENAVENTURA S.A,PUBLICO,CONTENEDORES,41466,161897,486551,0,0,0,0,0,2018,3,VALLE DEL CAUCA,3.611424361645858,-77.08585898131581
BUENAVENTURA,SOCIEDAD PORTUARIA TERMINAL DE CONTENEDORES DE BUENAVENTURA S.A.,PUBLICO,CONTENEDORES,77539,148743,104421,0,0,0,0,0,2018,4,VALLE DEL CAUCA,3.611424361645858,-77.08585898131581
BUENAVENTURA,SOCIEDAD PORTUARIA TERMINAL DE CONTENEDORES DE BUENAVENTURA S.A.,PUBLICO,CONTENEDORES,47433,115928,69545,0,0,3448,0,0,2018,7,VALLE DEL CAUCA,3.611424361645858,-77.08585898131581
BUENAVENTURA,SOCIEDAD PORTUARIA REGIONAL DE BUENAVENTURA S.A,PUBLICO,CONTENEDORES,87420,221223,503726,0,0,0,0,0,2018,9,VALLE DEL CAUCA,3.611424361645858,-77.08585898131581
BUENAVENTURA,SOCIEDAD PORTUARIA TERMINAL DE CONTENEDORES DE BUENAVENTURA S.A.,PUBLICO,CONTENEDORES,64833,138162,82314,0,0,0,0,0,2018,5,VALLE DEL CAUCA,3.611424361645858,-77.08585898131581
BUENAVENTURA,SOCIEDAD PORTUARIA REGIONAL DE BUENAVENTURA S.A,PUBLICO,GRANEL SOLIDO DIFER. DE CARBON,0,213419,0,0,0,0,0,0,2018,9,VALLE DEL CAUCA,3.611424361645858,-77.08585898131581
BUENAVENTURA,SOCIEDAD PORTUARIA TERMINAL DE CONTENEDORES DE BUENAVENTURA S.A.,PUBLICO,CONTENEDORES,14722,31041,35682,0,0,0,0,0,2018,9,VALLE DEL CAUCA,3.611424361645858,-77.08585898131581
BUENAVENTURA,SOCIEDAD PORTUARIA TERMINAL DE CONTENEDORES DE BUENAVENTURA S.A.,PUBLICO,CONTENEDORES,63557,117731,73937,0,0,0,0,0,2018,2,VALLE DEL CAUCA,3.611424361645858,-77.08585898131581
BUENAVENTURA,SOCIEDAD PORTUARIA REGIONAL DE BUENAVENTURA S.A,PUBLICO,CONTENEDORES,92943,162397,616452,0,0,0,0,0,2018,2,VALLE DEL CAUCA,3.611424361645858,-77.08585898131581
BUENAVENTURA,SOCIEDAD PORTUARIA TERMINAL DE CONTENEDORES DE BUENAVENTURA S.A.,PUBLICO,CONTENEDORES,42985,112476,113543,0,0,0,0,0,2018,8,VALLE DEL CAUCA,3.611424361645858,-77.08585898131581
BUENAVENTURA,SOCIEDAD PORTUARIA REGIONAL DE BUENAVENTURA S.A,PUBLICO,GRANEL SOLIDO DIFER. DE CARBON,0,216567,0,0,0,0,0,0,2018,11,VALLE DEL CAUCA,3.611424361645858,-77.08585898131581
BUENAVENTURA,SOCIEDAD PORTUARIA REGIONAL DE BUENAVENTURA S.A,PUBLICO,GRANEL LIQUIDO,0,87124,0,0,0,0,0,0,2018,7,VALLE DEL CAUCA,3.611424361645858,-77.08585898131581
BUENAVENTURA,SOCIEDAD PORTUARIA REGIONAL DE BUENAVENTURA S.A,PUBLICO,GRANEL SOLIDO DIFER. DE CARBON,0,207109,0,0,0,0,0,0,2018,6,VALLE DEL CAUCA,3.611424361645858,-77.08585898131581
BUENAVENTURA,COMPA�IA DE PUERTOS ASOCIADOS S.A.,PUBLICO,GRANEL SOLIDO DIFER. DE CARBON,0,65152,0,0,0,0,0,0,2018,6,VALLE DEL CAUCA,3.611424361645858,-77.08585898131581
BUENAVENTURA,SOCIEDAD PORTUARIA REGIONAL DE BUENAVENTURA S.A,PUBLICO,GENERAL,132254,41733,0,0,0,0,0,0,2018,12,VALLE DEL CAUCA,3.611424361645858,-77.08585898131581
BUENAVENTURA,SOCIEDAD PORTUARIA REGIONAL DE BUENAVENTURA S.A,PUBLICO,CONTENEDORES,82881,168358,563865,0,0,0,0,0,2018,12,VALLE DEL CAUCA,3.611424361645858,-77.08585898131581
BUENAVENTURA,SOCIEDAD PORTUARIA REGIONAL DE BUENAVENTURA S.A,PUBLICO,GENERAL,31,43139,0,0,0,0,0,0,2018,9,VALLE DEL CAUCA,3.611424361645858,-77.08585898131581
BUENAVENTURA,COMPA�IA DE PUERTOS ASOCIADOS S.A.,PUBLICO,GRANEL SOLIDO DIFER. DE CARBON,0,109856,0,0,0,0,0,0,2018,12,VALLE DEL CAUCA,3.611424361645858,-77.08585898131581
BUENAVENTURA,SOCIEDAD PORTUARIA REGIONAL DE BUENAVENTURA S.A,PUBLICO,GRANEL SOLIDO DIFER. DE CARBON,0,354007,0,0,0,0,0,0,2018,7,VALLE DEL CAUCA,3.611424361645858,-77.08585898131581
BUENAVENTURA,COMPA�IA DE PUERTOS ASOCIADOS S.A.,PUBLICO,GRANEL SOLIDO DIFER. DE CARBON,0,84377,0,0,0,0,0,0,2018,3,VALLE DEL CAUCA,3.611424361645858,-77.08585898131581
BUENAVENTURA,SOCIEDAD PORTUARIA REGIONAL DE BUENAVENTURA S.A,PUBLICO,GRANEL LIQUIDO,0,36644,0,0,0,0,0,0,2018,11,VALLE DEL CAUCA,3.611424361645858,-77.08585898131581
BUENAVENTURA,SOCIEDAD PORTUARIA REGIONAL DE BUENAVENTURA S.A,PUBLICO,GRANEL SOLIDO DIFER. DE CARBON,0,957699,0,0,0,0,0,0,2018,8,VALLE DEL CAUCA,3.611424361645858,-77.08585898131581
BUENAVENTURA,SOCIEDAD PORTUARIA REGIONAL DE BUENAVENTURA S.A,PUBLICO,GRANEL LIQUIDO,0,29637,0,0,0,0,0,0,2018,9,VALLE DEL CAUCA,3.611424361645858,-77.08585898131581
BUENAVENTURA,SOCIEDAD PORTUARIA REGIONAL DE BUENAVENTURA S.A,PUBLICO,CONTENEDORES,56148,167210,592675,0,0,0,0,0,2018,4,VALLE DEL CAUCA,3.611424361645858,-77.08585898131581
BUENAVENTURA,SOCIEDAD PORTUARIA REGIONAL DE BUENAVENTURA S.A,PUBLICO,CONTENEDORES,85278,197679,412007,0,0,0,0,0,2018,10,VALLE DEL CAUCA,3.611424361645858,-77.08585898131581
BUENAVENTURA,SOCIEDAD PORTUARIA REGIONAL DE BUENAVENTURA S.A,PUBLICO,GENERAL,53,65783,0,0,0,0,0,0,2018,5,VALLE DEL CAUCA,3.611424361645858,-77.08585898131581
BUENAVENTURA,COMPA�IA DE PUERTOS ASOCIADOS S.A.,PUBLICO,GRANEL SOLIDO DIFER. DE CARBON,0,93884,0,0,0,0,0,0,2018,9,VALLE DEL CAUCA,3.611424361645858,-77.08585898131581
BUENAVENTURA,SOCIEDAD PORTUARIA TERMINAL DE CONTENEDORES DE BUENAVENTURA S.A.,PUBLICO,CONTENEDORES,33268,115351,91827,0,0,186,0,0,2018,10,VALLE DEL CAUCA,3.611424361645858,-77.08585898131581
BUENAVENTURA,SOCIEDAD PORTUARIA TERMINAL DE CONTENEDORES DE BUENAVENTURA S.A.,PUBLICO,CONTENEDORES,50988,108942,67926,0,0,0,0,0,2018,6,VALLE DEL CAUCA,3.611424361645858,-77.08585898131581
BUENAVENTURA,SOCIEDAD PORTUARIA REGIONAL DE BUENAVENTURA S.A,PUBLICO,GRANEL SOLIDO DIFER. DE CARBON,0,183797,0,0,0,0,0,0,2018,3,VALLE DEL CAUCA,3.611424361645858,-77.08585898131581
CARTAGENA,PUERTO DE MAMONAL S.A.  EN REORGANIZACION EMPRESARIAL,PUBLICO,CONTENEDORES,45,0,0,0,0,0,0,0,2018,3,BOLÍVAR,10.46343361723777,-75.4588991499808
CARTAGENA,SOCIEDAD PORTUARIA REGIONAL DE CARTAGENA SA,PUBLICO,GENERAL,10,36,0,0,0,0,0,0,2018,5,BOLÍVAR,10.46343361723777,-75.4588991499808
CARTAGENA,PUERTO BUENAVISTA S.A,PUBLICO,GENERAL,0,0,0,0,0,1593,0,0,2018,6,BOLÍVAR,10.46343361723777,-75.4588991499808
CARTAGENA,COMPA�IA DE PUERTOS ASOCIADOS S.A.,PUBLICO,GENERAL,3329,8955,0,100,0,0,0,0,2018,10,BOLÍVAR,10.46343361723777,-75.4588991499808
CARTAGENA,SOCIEDAD PORTUARIA EL CAYAO S.A. E.S.P.,PUBLICO,GRANEL LIQUIDO,0,21678,0,0,0,0,0,0,2018,6,BOLÍVAR,10.46343361723777,-75.4588991499808
CARTAGENA,SOCIEDAD PORTUARIA REGIONAL DE CARTAGENA SA,PUBLICO,GENERAL,0,0,0,0,0,0,0,0,2018,7,BOLÍVAR,10.46343361723777,-75.4588991499808
CARTAGENA,TERMINAL DE CONTENEDORES DE CARTAGENA S. A.,PUBLICO,CONTENEDORES,122636,164728,1168956,0,0,0,0,0,2018,8,BOLÍVAR,10.46343361723777,-75.4588991499808
CARTAGENA,PUERTO DE MAMONAL S.A.  EN REORGANIZACION EMPRESARIAL,PUBLICO,CONTENEDORES,0,667,0,0,0,0,0,0,2018,6,BOLÍVAR,10.46343361723777,-75.4588991499808
CARTAGENA,COMPA�IA DE PUERTOS ASOCIADOS S.A.,PUBLICO,GENERAL,56,17676,0,60,0,0,0,0,2018,4,BOLÍVAR,10.46343361723777,-75.4588991499808
CARTAGENA,PUERTO DE MAMONAL S.A.  EN REORGANIZACION EMPRESARIAL,PUBLICO,CONTENEDORES,0,56,0,0,0,0,0,0,2018,7,BOLÍVAR,10.46343361723777,-75.4588991499808
CARTAGENA,PUERTO DE MAMONAL S.A.  EN REORGANIZACION EMPRESARIAL,PUBLICO,CONTENEDORES,11,92,0,0,0,0,0,0,2018,9,BOLÍVAR,10.46343361723777,-75.4588991499808
CARTAGENA,SOCIEDAD PORTUARIA REGIONAL DE CARTAGENA SA,PUBLICO,GENERAL,8,60,0,0,0,0,0,0,2018,9,BOLÍVAR,10.46343361723777,-75.4588991499808
CARTAGENA,TERMINAL DE CONTENEDORES DE CARTAGENA S. A.,PUBLICO,CONTENEDORES,132230,175493,1202271,0,0,0,0,0,2018,9,BOLÍVAR,10.46343361723777,-75.4588991499808
CARTAGENA,PUERTO DE MAMONAL S.A.  EN REORGANIZACION EMPRESARIAL,PUBLICO,GENERAL,6978,11190,0,0,0,0,0,0,2018,4,BOLÍVAR,10.46343361723777,-75.4588991499808
CARTAGENA,PUERTO BUENAVISTA S.A,PUBLICO,GENERAL,0,0,0,0,0,1034,0,0,2018,2,BOLÍVAR,10.46343361723777,-75.4588991499808
CARTAGENA,PUERTO DE MAMONAL S.A.  EN REORGANIZACION EMPRESARIAL,PUBLICO,GRANEL SOLIDO DIFER. DE CARBON,0,4881,0,0,0,0,0,0,2018,7,BOLÍVAR,10.46343361723777,-75.4588991499808
CARTAGENA,COMPA�IA DE PUERTOS ASOCIADOS S.A.,PUBLICO,CONTENEDORES,16114,27385,11525,38672,0,0,0,884,2018,11,BOLÍVAR,10.46343361723777,-75.4588991499808
CARTAGENA,TERMINAL DE CONTENEDORES DE CARTAGENA S. A.,PUBLICO,CONTENEDORES,121901,185526,1177493,0,0,0,0,0,2018,12,BOLÍVAR,10.46343361723777,-75.4588991499808
CARTAGENA,COMPA�IA DE PUERTOS ASOCIADOS S.A.,PUBLICO,GENERAL,516,8973,0,198,0,0,0,0,2018,6,BOLÍVAR,10.46343361723777,-75.4588991499808
CARTAGENA,SOCIEDAD PORTUARIA REGIONAL DE CARTAGENA SA,PUBLICO,CONTENEDORES,67352,101046,306245,0,0,0,0,0,2018,10,BOLÍVAR,10.46343361723777,-75.4588991499808
CARTAGENA,PUERTO DE MAMONAL S.A.  EN REORGANIZACION EMPRESARIAL,PUBLICO,CONTENEDORES,0,53,0,0,0,0,0,0,2018,8,BOLÍVAR,10.46343361723777,-75.4588991499808
CARTAGENA,COMPA�IA DE PUERTOS ASOCIADOS S.A.,PUBLICO,GRANEL SOLIDO DIFER. DE CARBON,0,60103,0,0,0,0,0,0,2018,12,BOLÍVAR,10.46343361723777,-75.4588991499808
CARTAGENA,PUERTO BUENAVISTA S.A,PUBLICO,GENERAL,0,0,0,0,0,2212,0,0,2018,5,BOLÍVAR,10.46343361723777,-75.4588991499808
CARTAGENA,COMPA�IA DE PUERTOS ASOCIADOS S.A.,PUBLICO,CONTENEDORES,29134,32935,7573,28997,0,0,0,1702,2018,3,BOLÍVAR,10.46343361723777,-75.4588991499808
CARTAGENA,TERMINAL DE CONTENEDORES DE CARTAGENA S. A.,PUBLICO,GENERAL,5,292,108,0,0,0,0,0,2018,11,BOLÍVAR,10.46343361723777,-75.4588991499808
CARTAGENA,PUERTO BUENAVISTA S.A,PUBLICO,GENERAL,20954,0,0,0,0,1681,0,0,2018,12,BOLÍVAR,10.46343361723777,-75.4588991499808
CARTAGENA,PUERTO DE MAMONAL S.A.  EN REORGANIZACION EMPRESARIAL,PUBLICO,GENERAL,5339,7911,0,0,0,3350,0,0,2018,12,BOLÍVAR,10.46343361723777,-75.4588991499808
CARTAGENA,COMPA�IA DE PUERTOS ASOCIADOS S.A.,PUBLICO,CONTENEDORES,15773,23380,4575,25128,0,0,0,1439,2018,12,BOLÍVAR,10.46343361723777,-75.4588991499808
CARTAGENA,COMPA�IA DE PUERTOS ASOCIADOS S.A.,PUBLICO,CONTENEDORES,19569,27874,14864,18816,0,0,0,1259,2018,8,BOLÍVAR,10.46343361723777,-75.4588991499808
CARTAGENA,TERMINAL DE CONTENEDORES DE CARTAGENA S. A.,PUBLICO,CONTENEDORES,115714,166328,1017601,0,0,0,0,0,2018,1,BOLÍVAR,10.46343361723777,-75.4588991499808
CARTAGENA,PUERTO DE MAMONAL S.A.  EN REORGANIZACION EMPRESARIAL,PUBLICO,GRANEL SOLIDO DIFER. DE CARBON,0,1000,0,0,0,0,0,0,2018,11,BOLÍVAR,10.46343361723777,-75.4588991499808
CARTAGENA,TERMINAL DE CONTENEDORES DE CARTAGENA S. A.,PUBLICO,CONTENEDORES,119719,162081,1082938,0,0,0,0,0,2018,6,BOLÍVAR,10.46343361723777,-75.4588991499808
CARTAGENA,COMPA�IA DE PUERTOS ASOCIADOS S.A.,PUBLICO,GENERAL,293,15442,0,165,0,0,0,0,2018,9,BOLÍVAR,10.46343361723777,-75.4588991499808
CARTAGENA,SOCIEDAD PORTUARIA EL CAYAO S.A. E.S.P.,PUBLICO,GRANEL LIQUIDO,0,40920,0,0,0,0,0,0,2018,10,BOLÍVAR,10.46343361723777,-75.4588991499808
CARTAGENA,PUERTO DE MAMONAL S.A.  EN REORGANIZACION EMPRESARIAL,PUBLICO,CONTENEDORES,0,46,0,0,0,0,0,0,2018,11,BOLÍVAR,10.46343361723777,-75.4588991499808
CARTAGENA,COMPA�IA DE PUERTOS ASOCIADOS S.A.,PUBLICO,GENERAL,2421,4691,0,197,0,0,0,0,2018,11,BOLÍVAR,10.46343361723777,-75.4588991499808
CARTAGENA,COMPA�IA DE PUERTOS ASOCIADOS S.A.,PUBLICO,GRANEL SOLIDO DIFER. DE CARBON,0,45712,0,0,0,0,0,0,2018,5,BOLÍVAR,10.46343361723777,-75.4588991499808
CARTAGENA,PUERTO BUENAVISTA S.A,PUBLICO,GENERAL,6252,0,0,0,477,2677,0,0,2018,9,BOLÍVAR,10.46343361723777,-75.4588991499808
CARTAGENA,COMPA�IA DE PUERTOS ASOCIADOS S.A.,PUBLICO,CONTENEDORES,22324,24948,10322,27295,0,0,0,2461,2018,10,BOLÍVAR,10.46343361723777,-75.4588991499808
CARTAGENA,PUERTO BUENAVISTA S.A,PUBLICO,GRANEL SOLIDO DIFER. DE CARBON,0,35621,0,0,0,0,0,0,2018,7,BOLÍVAR,10.46343361723777,-75.4588991499808
CARTAGENA,TERMINAL DE CONTENEDORES DE CARTAGENA S. A.,PUBLICO,GENERAL,0,47,10,0,0,0,0,0,2018,1,BOLÍVAR,10.46343361723777,-75.4588991499808
CARTAGENA,TERMINAL DE CONTENEDORES DE CARTAGENA S. A.,PUBLICO,CONTENEDORES,124813,161789,906569,0,0,0,0,0,2018,2,BOLÍVAR,10.46343361723777,-75.4588991499808
CARTAGENA,TERMINAL DE CONTENEDORES DE CARTAGENA S. A.,PUBLICO,GENERAL,0,84,1888,0,0,0,0,0,2018,8,BOLÍVAR,10.46343361723777,-75.4588991499808
CARTAGENA,TERMINAL DE CONTENEDORES DE CARTAGENA S. A.,PUBLICO,CONTENEDORES,127488,164053,1246826,0,0,0,0,0,2018,7,BOLÍVAR,10.46343361723777,-75.4588991499808
CARTAGENA,COMPA�IA DE PUERTOS ASOCIADOS S.A.,PUBLICO,GRANEL SOLIDO DIFER. DE CARBON,0,79055,0,0,0,0,0,0,2018,4,BOLÍVAR,10.46343361723777,-75.4588991499808
CARTAGENA,PUERTO DE MAMONAL S.A.  EN REORGANIZACION EMPRESARIAL,PUBLICO,GENERAL,3769,1041,0,0,0,0,0,0,2018,3,BOLÍVAR,10.46343361723777,-75.4588991499808
CARTAGENA,PUERTO DE MAMONAL S.A.  EN REORGANIZACION EMPRESARIAL,PUBLICO,GRANEL LIQUIDO,5854,0,0,0,0,0,0,0,2018,6,BOLÍVAR,10.46343361723777,-75.4588991499808
CARTAGENA,PUERTO BUENAVISTA S.A,PUBLICO,GENERAL,7890,1933,0,0,0,1439,0,0,2018,3,BOLÍVAR,10.46343361723777,-75.4588991499808
CARTAGENA,PUERTO DE MAMONAL S.A.  EN REORGANIZACION EMPRESARIAL,PUBLICO,GENERAL,0,8566,0,0,0,0,0,0,2018,10,BOLÍVAR,10.46343361723777,-75.4588991499808
CARTAGENA,SOCIEDAD PORTUARIA REGIONAL DE CARTAGENA SA,PUBLICO,GENERAL,0,265,3,0,0,0,0,0,2018,4,BOLÍVAR,10.46343361723777,-75.4588991499808
CARTAGENA,COMPA�IA DE PUERTOS ASOCIADOS S.A.,PUBLICO,GRANEL SOLIDO DIFER. DE CARBON,0,43601,0,0,0,0,0,0,2018,1,BOLÍVAR,10.46343361723777,-75.4588991499808
CARTAGENA,SOCIEDAD PORTUARIA REGIONAL DE CARTAGENA SA,PUBLICO,GENERAL,43,222,0,0,0,0,0,0,2018,12,BOLÍVAR,10.46343361723777,-75.4588991499808
CARTAGENA,PUERTO BUENAVISTA S.A,PUBLICO,GENERAL,2200,0,0,0,0,2176,0,0,2018,11,BOLÍVAR,10.46343361723777,-75.4588991499808
CARTAGENA,TERMINAL DE CONTENEDORES DE CARTAGENA S. A.,PUBLICO,GENERAL,0,29,34,0,0,0,0,0,2018,2,BOLÍVAR,10.46343361723777,-75.4588991499808
CARTAGENA,TERMINAL DE CONTENEDORES DE CARTAGENA S. A.,PUBLICO,GENERAL,73,101,43,0,0,0,0,0,2018,10,BOLÍVAR,10.46343361723777,-75.4588991499808
CARTAGENA,PUERTO DE MAMONAL S.A.  EN REORGANIZACION EMPRESARIAL,PUBLICO,CARBON AL GRANEL,79946,0,0,0,0,0,0,0,2018,8,BOLÍVAR,10.46343361723777,-75.4588991499808
CARTAGENA,PUERTO BUENAVISTA S.A,PUBLICO,GRANEL SOLIDO DIFER. DE CARBON,0,10447,0,0,0,0,0,0,2018,6,BOLÍVAR,10.46343361723777,-75.4588991499808
CARTAGENA,COMPA�IA DE PUERTOS ASOCIADOS S.A.,PUBLICO,GRANEL SOLIDO DIFER. DE CARBON,0,38870,0,0,0,0,0,0,2018,11,BOLÍVAR,10.46343361723777,-75.4588991499808
CARTAGENA,COMPA�IA DE PUERTOS ASOCIADOS S.A.,PUBLICO,GRANEL SOLIDO DIFER. DE CARBON,0,31349,0,0,0,0,0,0,2018,3,BOLÍVAR,10.46343361723777,-75.4588991499808
CARTAGENA,PUERTO DE MAMONAL S.A.  EN REORGANIZACION EMPRESARIAL,PUBLICO,GRANEL LIQUIDO,6007,0,0,0,0,0,0,0,2018,8,BOLÍVAR,10.46343361723777,-75.4588991499808
CARTAGENA,PUERTO BUENAVISTA S.A,PUBLICO,GRANEL SOLIDO DIFER. DE CARBON,0,7150,0,0,0,0,0,0,2018,12,BOLÍVAR,10.46343361723777,-75.4588991499808
CARTAGENA,SOCIEDAD PORTUARIA REGIONAL DE CARTAGENA SA,PUBLICO,CONTENEDORES,61770,92661,251588,0,0,0,0,0,2018,6,BOLÍVAR,10.46343361723777,-75.4588991499808
CARTAGENA,SOCIEDAD PORTUARIA REGIONAL DE CARTAGENA SA,PUBLICO,GENERAL,98,4,2,0,0,0,0,0,2018,2,BOLÍVAR,10.46343361723777,-75.4588991499808
CARTAGENA,COMPA�IA DE PUERTOS ASOCIADOS S.A.,PUBLICO,GRANEL SOLIDO DIFER. DE CARBON,0,55707,0,0,0,0,0,0,2018,10,BOLÍVAR,10.46343361723777,-75.4588991499808
CARTAGENA,PUERTO DE MAMONAL S.A.  EN REORGANIZACION EMPRESARIAL,PUBLICO,CARBON AL GRANEL,144077,0,0,0,0,0,0,0,2018,6,BOLÍVAR,10.46343361723777,-75.4588991499808
CARTAGENA,SOCIEDAD PORTUARIA REGIONAL DE CARTAGENA SA,PUBLICO,GENERAL,68,165,0,0,0,0,0,0,2018,1,BOLÍVAR,10.46343361723777,-75.4588991499808
CARTAGENA,COMPA�IA DE PUERTOS ASOCIADOS S.A.,PUBLICO,CONTENEDORES,16773,24335,5877,18417,0,0,0,16,2018,2,BOLÍVAR,10.46343361723777,-75.4588991499808
CARTAGENA,COMPA�IA DE PUERTOS ASOCIADOS S.A.,PUBLICO,CONTENEDORES,21013,25445,10289,21925,0,0,0,1712,2018,9,BOLÍVAR,10.46343361723777,-75.4588991499808
CARTAGENA,COMPA�IA DE PUERTOS ASOCIADOS S.A.,PUBLICO,GENERAL,899,6360,0,0,0,0,0,82,2018,1,BOLÍVAR,10.46343361723777,-75.4588991499808
CARTAGENA,SOCIEDAD PORTUARIA REGIONAL DE CARTAGENA SA,PUBLICO,CONTENEDORES,53085,70294,256765,0,0,0,0,0,2018,1,BOLÍVAR,10.46343361723777,-75.4588991499808
CARTAGENA,SOCIEDAD PORTUARIA REGIONAL DE CARTAGENA SA,PUBLICO,CONTENEDORES,63287,95536,288832,0,0,0,0,0,2018,12,BOLÍVAR,10.46343361723777,-75.4588991499808
CARTAGENA,PUERTO DE MAMONAL S.A.  EN REORGANIZACION EMPRESARIAL,PUBLICO,GENERAL,4319,7496,0,0,0,0,0,0,2018,2,BOLÍVAR,10.46343361723777,-75.4588991499808
CARTAGENA,COMPA�IA DE PUERTOS ASOCIADOS S.A.,PUBLICO,CONTENEDORES,25748,29855,7644,18144,0,0,0,2892,2018,6,BOLÍVAR,10.46343361723777,-75.4588991499808
CARTAGENA,PUERTO DE MAMONAL S.A.  EN REORGANIZACION EMPRESARIAL,PUBLICO,CONTENEDORES,31,0,0,0,0,0,0,0,2018,10,BOLÍVAR,10.46343361723777,-75.4588991499808
CARTAGENA,PUERTO DE MAMONAL S.A.  EN REORGANIZACION EMPRESARIAL,PUBLICO,GENERAL,436,4188,7,0,0,0,0,0,2018,7,BOLÍVAR,10.46343361723777,-75.4588991499808
CARTAGENA,PUERTO DE MAMONAL S.A.  EN REORGANIZACION EMPRESARIAL,PUBLICO,CARBON AL GRANEL,88969,0,0,0,0,0,0,0,2018,3,BOLÍVAR,10.46343361723777,-75.4588991499808
CARTAGENA,COMPA�IA DE PUERTOS ASOCIADOS S.A.,PUBLICO,GRANEL SOLIDO DIFER. DE CARBON,0,36639,0,0,0,0,0,0,2018,9,BOLÍVAR,10.46343361723777,-75.4588991499808
CARTAGENA,COMPA�IA DE PUERTOS ASOCIADOS S.A.,PUBLICO,GRANEL SOLIDO DIFER. DE CARBON,0,53797,0,0,0,0,0,0,2018,8,BOLÍVAR,10.46343361723777,-75.4588991499808
CARTAGENA,PUERTO DE MAMONAL S.A.  EN REORGANIZACION EMPRESARIAL,PUBLICO,GRANEL SOLIDO DIFER. DE CARBON,0,53607,0,0,0,0,0,0,2018,8,BOLÍVAR,10.46343361723777,-75.4588991499808
CARTAGENA,COMPA�IA DE PUERTOS ASOCIADOS S.A.,PUBLICO,CONTENEDORES,21933,28634,5817,15853,0,0,0,901,2018,5,BOLÍVAR,10.46343361723777,-75.4588991499808
CARTAGENA,COMPA�IA DE PUERTOS ASOCIADOS S.A.,PUBLICO,GRANEL SOLIDO DIFER. DE CARBON,0,15659,0,0,0,0,0,0,2018,6,BOLÍVAR,10.46343361723777,-75.4588991499808
CARTAGENA,SOCIEDAD PORTUARIA REGIONAL DE CARTAGENA SA,PUBLICO,GENERAL,4,98,0,0,0,0,0,0,2018,6,BOLÍVAR,10.46343361723777,-75.4588991499808
CARTAGENA,COMPA�IA DE PUERTOS ASOCIADOS S.A.,PUBLICO,CONTENEDORES,20333,23293,1859,25370,0,0,0,0,2018,1,BOLÍVAR,10.46343361723777,-75.4588991499808
CARTAGENA,PUERTO DE MAMONAL S.A.  EN REORGANIZACION EMPRESARIAL,PUBLICO,GENERAL,5032,14939,0,0,0,0,0,0,2018,9,BOLÍVAR,10.46343361723777,-75.4588991499808
CARTAGENA,TERMINAL DE CONTENEDORES DE CARTAGENA S. A.,PUBLICO,GENERAL,692,489,31,0,0,0,0,0,2018,7,BOLÍVAR,10.46343361723777,-75.4588991499808
CARTAGENA,PUERTO DE MAMONAL S.A.  EN REORGANIZACION EMPRESARIAL,PUBLICO,GRANEL LIQUIDO,7089,0,0,0,0,0,0,0,2018,9,BOLÍVAR,10.46343361723777,-75.4588991499808
CARTAGENA,PUERTO BUENAVISTA S.A,PUBLICO,GRANEL SOLIDO DIFER. DE CARBON,0,26767,0,0,0,0,0,0,2018,1,BOLÍVAR,10.46343361723777,-75.4588991499808
CARTAGENA,SOCIEDAD PORTUARIA REGIONAL DE CARTAGENA SA,PUBLICO,CONTENEDORES,52290,90365,332120,0,0,0,0,0,2018,4,BOLÍVAR,10.46343361723777,-75.4588991499808
CARTAGENA,SOCIEDAD PORTUARIA REGIONAL DE CARTAGENA SA,PUBLICO,GENERAL,15,261,0,0,0,0,0,0,2018,10,BOLÍVAR,10.46343361723777,-75.4588991499808
CARTAGENA,PUERTO DE MAMONAL S.A.  EN REORGANIZACION EMPRESARIAL,PUBLICO,CARBON AL GRANEL,145350,0,0,0,0,0,0,0,2018,7,BOLÍVAR,10.46343361723777,-75.4588991499808
CARTAGENA,PUERTO BUENAVISTA S.A,PUBLICO,GRANEL SOLIDO DIFER. DE CARBON,0,42649,0,0,0,0,0,0,2018,3,BOLÍVAR,10.46343361723777,-75.4588991499808
CARTAGENA,PUERTO DE MAMONAL S.A.  EN REORGANIZACION EMPRESARIAL,PUBLICO,CARBON AL GRANEL,91370,0,0,0,0,0,0,0,2018,11,BOLÍVAR,10.46343361723777,-75.4588991499808
CARTAGENA,TERMINAL DE CONTENEDORES DE CARTAGENA S. A.,PUBLICO,GENERAL,43,6,14,0,0,0,0,0,2018,4,BOLÍVAR,10.46343361723777,-75.4588991499808
CARTAGENA,PUERTO DE MAMONAL S.A.  EN REORGANIZACION EMPRESARIAL,PUBLICO,GENERAL,1820,14642,0,0,0,0,0,0,2018,11,BOLÍVAR,10.46343361723777,-75.4588991499808
CARTAGENA,SOCIEDAD PORTUARIA EL CAYAO S.A. E.S.P.,PUBLICO,GRANEL LIQUIDO,0,47468,0,0,0,0,0,0,2018,8,BOLÍVAR,10.46343361723777,-75.4588991499808
CARTAGENA,PUERTO DE MAMONAL S.A.  EN REORGANIZACION EMPRESARIAL,PUBLICO,GRANEL SOLIDO DIFER. DE CARBON,0,1000,0,0,0,0,0,0,2018,9,BOLÍVAR,10.46343361723777,-75.4588991499808
CARTAGENA,TERMINAL DE CONTENEDORES DE CARTAGENA S. A.,PUBLICO,CONTENEDORES,135539,192358,1206618,0,0,0,0,0,2018,5,BOLÍVAR,10.46343361723777,-75.4588991499808
CARTAGENA,PUERTO DE MAMONAL S.A.  EN REORGANIZACION EMPRESARIAL,PUBLICO,CARBON AL GRANEL,169580,0,0,0,0,0,0,0,2018,9,BOLÍVAR,10.46343361723777,-75.4588991499808
CARTAGENA,SOCIEDAD PORTUARIA REGIONAL DE CARTAGENA SA,PUBLICO,CONTENEDORES,56697,101791,295499,0,0,0,0,0,2018,7,BOLÍVAR,10.46343361723777,-75.4588991499808
CARTAGENA,PUERTO DE MAMONAL S.A.  EN REORGANIZACION EMPRESARIAL,PUBLICO,GENERAL,7294,220,0,0,0,0,0,0,2018,1,BOLÍVAR,10.46343361723777,-75.4588991499808
CARTAGENA,PUERTO DE MAMONAL S.A.  EN REORGANIZACION EMPRESARIAL,PUBLICO,GRANEL SOLIDO DIFER. DE CARBON,0,53256,0,0,0,0,0,0,2018,3,BOLÍVAR,10.46343361723777,-75.4588991499808
CARTAGENA,SOCIEDAD PORTUARIA REGIONAL DE CARTAGENA SA,PUBLICO,CONTENEDORES,54518,92173,260574,0,0,0,0,0,2018,8,BOLÍVAR,10.46343361723777,-75.4588991499808
CARTAGENA,TERMINAL DE CONTENEDORES DE CARTAGENA S. A.,PUBLICO,GENERAL,188,184,2114,0,0,0,0,0,2018,6,BOLÍVAR,10.46343361723777,-75.4588991499808
CARTAGENA,SOCIEDAD PORTUARIA REGIONAL DE CARTAGENA SA,PUBLICO,GENERAL,152,64,0,0,0,0,0,0,2018,8,BOLÍVAR,10.46343361723777,-75.4588991499808
CARTAGENA,COMPA�IA DE PUERTOS ASOCIADOS S.A.,PUBLICO,GENERAL,1815,21532,0,100,0,0,0,0,2018,7,BOLÍVAR,10.46343361723777,-75.4588991499808
CARTAGENA,PUERTO DE MAMONAL S.A.  EN REORGANIZACION EMPRESARIAL,PUBLICO,CONTENEDORES,0,37,0,0,0,0,0,0,2018,5,BOLÍVAR,10.46343361723777,-75.4588991499808
CARTAGENA,PUERTO DE MAMONAL S.A.  EN REORGANIZACION EMPRESARIAL,PUBLICO,GENERAL,1400,672,6,0,0,0,0,0,2018,6,BOLÍVAR,10.46343361723777,-75.4588991499808
CARTAGENA,PUERTO BUENAVISTA S.A,PUBLICO,GENERAL,5285,0,0,0,265,2208,0,0,2018,4,BOLÍVAR,10.46343361723777,-75.4588991499808
CARTAGENA,SOCIEDAD PORTUARIA REGIONAL DE CARTAGENA SA,PUBLICO,CONTENEDORES,45999,64527,287005,0,0,0,0,0,2018,3,BOLÍVAR,10.46343361723777,-75.4588991499808
CARTAGENA,PUERTO DE MAMONAL S.A.  EN REORGANIZACION EMPRESARIAL,PUBLICO,CONTENEDORES,27,149,0,0,0,0,0,0,2018,4,BOLÍVAR,10.46343361723777,-75.4588991499808
CARTAGENA,COMPA�IA DE PUERTOS ASOCIADOS S.A.,PUBLICO,GENERAL,2148,8774,0,181,0,0,0,95,2018,8,BOLÍVAR,10.46343361723777,-75.4588991499808
CARTAGENA,PUERTO DE MAMONAL S.A.  EN REORGANIZACION EMPRESARIAL,PUBLICO,GRANEL LIQUIDO,6132,0,0,0,0,0,0,0,2018,7,BOLÍVAR,10.46343361723777,-75.4588991499808
CARTAGENA,PUERTO DE MAMONAL S.A.  EN REORGANIZACION EMPRESARIAL,PUBLICO,GRANEL SOLIDO DIFER. DE CARBON,0,45135,0,0,0,0,0,0,2018,4,BOLÍVAR,10.46343361723777,-75.4588991499808
CARTAGENA,TERMINAL DE CONTENEDORES DE CARTAGENA S. A.,PUBLICO,CONTENEDORES,132317,200661,1296397,0,0,0,0,0,2018,10,BOLÍVAR,10.46343361723777,-75.4588991499808
CARTAGENA,COMPA�IA DE PUERTOS ASOCIADOS S.A.,PUBLICO,GRANEL SOLIDO DIFER. DE CARBON,0,6350,0,0,0,0,0,0,2018,7,BOLÍVAR,10.46343361723777,-75.4588991499808
CARTAGENA,COMPA�IA DE PUERTOS ASOCIADOS S.A.,PUBLICO,CONTENEDORES,18208,28506,4379,29179,0,0,0,2386,2018,4,BOLÍVAR,10.46343361723777,-75.4588991499808
CARTAGENA,PUERTO DE MAMONAL S.A.  EN REORGANIZACION EMPRESARIAL,PUBLICO,CARBON AL GRANEL,125593,0,0,0,0,0,0,0,2018,2,BOLÍVAR,10.46343361723777,-75.4588991499808
CARTAGENA,TERMINAL DE CONTENEDORES DE CARTAGENA S. A.,PUBLICO,GENERAL,132,660,823,0,0,0,0,0,2018,9,BOLÍVAR,10.46343361723777,-75.4588991499808
CARTAGENA,PUERTO DE MAMONAL S.A.  EN REORGANIZACION EMPRESARIAL,PUBLICO,CARBON AL GRANEL,156979,0,0,0,0,0,0,0,2018,12,BOLÍVAR,10.46343361723777,-75.4588991499808
CARTAGENA,TERMINAL DE CONTENEDORES DE CARTAGENA S. A.,PUBLICO,CONTENEDORES,129571,197674,1185015,0,0,0,0,0,2018,11,BOLÍVAR,10.46343361723777,-75.4588991499808
CARTAGENA,PUERTO DE MAMONAL S.A.  EN REORGANIZACION EMPRESARIAL,PUBLICO,CARBON AL GRANEL,142049,0,0,0,0,0,0,0,2018,4,BOLÍVAR,10.46343361723777,-75.4588991499808
CARTAGENA,COMPA�IA DE PUERTOS ASOCIADOS S.A.,PUBLICO,GENERAL,6788,7220,0,0,0,0,0,0,2018,3,BOLÍVAR,10.46343361723777,-75.4588991499808
CARTAGENA,TERMINAL DE CONTENEDORES DE CARTAGENA S. A.,PUBLICO,GENERAL,0,119,260,0,0,0,0,0,2018,3,BOLÍVAR,10.46343361723777,-75.4588991499808
CARTAGENA,COMPA�IA DE PUERTOS ASOCIADOS S.A.,PUBLICO,GENERAL,395,28787,0,346,0,0,0,0,2018,12,BOLÍVAR,10.46343361723777,-75.4588991499808
CARTAGENA,SOCIEDAD PORTUARIA REGIONAL DE CARTAGENA SA,PUBLICO,CONTENEDORES,56875,101882,256109,0,0,0,0,0,2018,11,BOLÍVAR,10.46343361723777,-75.4588991499808
CARTAGENA,PUERTO DE MAMONAL S.A.  EN REORGANIZACION EMPRESARIAL,PUBLICO,CARBON AL GRANEL,147366,0,0,0,0,0,0,0,2018,5,BOLÍVAR,10.46343361723777,-75.4588991499808
CARTAGENA,PUERTO DE MAMONAL S.A.  EN REORGANIZACION EMPRESARIAL,PUBLICO,CONTENEDORES,0,90,0,0,0,0,0,0,2018,2,BOLÍVAR,10.46343361723777,-75.4588991499808
CARTAGENA,PUERTO BUENAVISTA S.A,PUBLICO,GRANEL SOLIDO DIFER. DE CARBON,0,27632,0,0,0,0,0,0,2018,8,BOLÍVAR,10.46343361723777,-75.4588991499808
CARTAGENA,SOCIEDAD PORTUARIA REGIONAL DE CARTAGENA SA,PUBLICO,GENERAL,0,208,1,0,0,0,0,0,2018,11,BOLÍVAR,10.46343361723777,-75.4588991499808
CARTAGENA,PUERTO BUENAVISTA S.A,PUBLICO,GRANEL SOLIDO DIFER. DE CARBON,0,51158,0,0,0,0,0,0,2018,2,BOLÍVAR,10.46343361723777,-75.4588991499808
CARTAGENA,COMPA�IA DE PUERTOS ASOCIADOS S.A.,PUBLICO,GENERAL,171,32652,0,0,0,0,0,0,2018,2,BOLÍVAR,10.46343361723777,-75.4588991499808
CARTAGENA,TERMINAL DE CONTENEDORES DE CARTAGENA S. A.,PUBLICO,CONTENEDORES,142714,185010,1142647,0,0,0,0,0,2018,3,BOLÍVAR,10.46343361723777,-75.4588991499808
CARTAGENA,PUERTO DE MAMONAL S.A.  EN REORGANIZACION EMPRESARIAL,PUBLICO,CONTENEDORES,108,0,0,0,0,0,0,0,2018,1,BOLÍVAR,10.46343361723777,-75.4588991499808
CARTAGENA,SOCIEDAD PORTUARIA EL CAYAO S.A. E.S.P.,PUBLICO,GRANEL LIQUIDO,0,30181,0,0,0,0,0,0,2018,11,BOLÍVAR,10.46343361723777,-75.4588991499808
CARTAGENA,PUERTO DE MAMONAL S.A.  EN REORGANIZACION EMPRESARIAL,PUBLICO,CONTENEDORES,0,108,0,0,0,0,0,0,2018,12,BOLÍVAR,10.46343361723777,-75.4588991499808
CARTAGENA,PUERTO BUENAVISTA S.A,PUBLICO,GRANEL SOLIDO DIFER. DE CARBON,0,28699,0,0,0,0,0,0,2018,4,BOLÍVAR,10.46343361723777,-75.4588991499808
CARTAGENA,PUERTO DE MAMONAL S.A.  EN REORGANIZACION EMPRESARIAL,PUBLICO,GENERAL,2818,536,0,0,0,0,0,0,2018,8,BOLÍVAR,10.46343361723777,-75.4588991499808
CARTAGENA,PUERTO BUENAVISTA S.A,PUBLICO,GRANEL SOLIDO DIFER. DE CARBON,0,17049,0,0,0,0,0,0,2018,10,BOLÍVAR,10.46343361723777,-75.4588991499808
CARTAGENA,PUERTO BUENAVISTA S.A,PUBLICO,GRANEL SOLIDO DIFER. DE CARBON,0,20393,0,0,0,0,0,0,2018,11,BOLÍVAR,10.46343361723777,-75.4588991499808
CARTAGENA,PUERTO BUENAVISTA S.A,PUBLICO,GRANEL SOLIDO DIFER. DE CARBON,0,68231,0,0,0,0,0,0,2018,5,BOLÍVAR,10.46343361723777,-75.4588991499808
CARTAGENA,COMPA�IA DE PUERTOS ASOCIADOS S.A.,PUBLICO,GRANEL SOLIDO DIFER. DE CARBON,0,22094,0,0,0,0,0,0,2018,2,BOLÍVAR,10.46343361723777,-75.4588991499808
CARTAGENA,COMPA�IA DE PUERTOS ASOCIADOS S.A.,PUBLICO,GENERAL,1639,10128,0,100,0,0,0,0,2018,5,BOLÍVAR,10.46343361723777,-75.4588991499808
CARTAGENA,PUERTO DE MAMONAL S.A.  EN REORGANIZACION EMPRESARIAL,PUBLICO,GENERAL,610,12328,6,0,0,0,0,0,2018,5,BOLÍVAR,10.46343361723777,-75.4588991499808
CARTAGENA,SOCIEDAD PORTUARIA REGIONAL DE CARTAGENA SA,PUBLICO,CONTENEDORES,61000,98373,284909,0,0,0,0,0,2018,9,BOLÍVAR,10.46343361723777,-75.4588991499808
CARTAGENA,PUERTO BUENAVISTA S.A,PUBLICO,GENERAL,0,20,0,0,0,2126,0,0,2018,10,BOLÍVAR,10.46343361723777,-75.4588991499808
CARTAGENA,TERMINAL DE CONTENEDORES DE CARTAGENA S. A.,PUBLICO,GENERAL,0,5,7,0,0,0,0,0,2018,5,BOLÍVAR,10.46343361723777,-75.4588991499808
CARTAGENA,SOCIEDAD PORTUARIA REGIONAL DE CARTAGENA SA,PUBLICO,GENERAL,60,106,4,0,0,0,0,0,2018,3,BOLÍVAR,10.46343361723777,-75.4588991499808
CARTAGENA,TERMINAL DE CONTENEDORES DE CARTAGENA S. A.,PUBLICO,GENERAL,160,368,96,0,0,0,0,0,2018,12,BOLÍVAR,10.46343361723777,-75.4588991499808
CARTAGENA,PUERTO BUENAVISTA S.A,PUBLICO,GENERAL,0,0,0,0,0,1966,0,0,2018,1,BOLÍVAR,10.46343361723777,-75.4588991499808
CARTAGENA,PUERTO BUENAVISTA S.A,PUBLICO,GENERAL,6250,3181,0,0,0,1655,0,0,2018,7,BOLÍVAR,10.46343361723777,-75.4588991499808
CARTAGENA,PUERTO BUENAVISTA S.A,PUBLICO,GENERAL,0,0,0,0,0,1336,0,0,2018,8,BOLÍVAR,10.46343361723777,-75.4588991499808
CARTAGENA,PUERTO BUENAVISTA S.A,PUBLICO,GRANEL SOLIDO DIFER. DE CARBON,0,33941,0,0,0,0,0,0,2018,9,BOLÍVAR,10.46343361723777,-75.4588991499808
CARTAGENA,TERMINAL DE CONTENEDORES DE CARTAGENA S. A.,PUBLICO,CONTENEDORES,120762,147264,1057649,0,0,0,0,0,2018,4,BOLÍVAR,10.46343361723777,-75.4588991499808
CARTAGENA,SOCIEDAD PORTUARIA REGIONAL DE CARTAGENA SA,PUBLICO,CONTENEDORES,54542,80635,256443,0,0,0,0,0,2018,5,BOLÍVAR,10.46343361723777,-75.4588991499808
CARTAGENA,PUERTO DE MAMONAL S.A.  EN REORGANIZACION EMPRESARIAL,PUBLICO,GRANEL SOLIDO DIFER. DE CARBON,0,10400,0,0,0,0,0,0,2018,5,BOLÍVAR,10.46343361723777,-75.4588991499808
CARTAGENA,PUERTO DE MAMONAL S.A.  EN REORGANIZACION EMPRESARIAL,PUBLICO,CARBON AL GRANEL,90122,0,0,0,0,0,0,0,2018,10,BOLÍVAR,10.46343361723777,-75.4588991499808
CARTAGENA,SOCIEDAD PORTUARIA REGIONAL DE CARTAGENA SA,PUBLICO,CONTENEDORES,49757,56918,255509,0,0,0,0,0,2018,2,BOLÍVAR,10.46343361723777,-75.4588991499808
CARTAGENA,COMPA�IA DE PUERTOS ASOCIADOS S.A.,PUBLICO,CONTENEDORES,23789,27693,8590,21147,0,0,0,974,2018,7,BOLÍVAR,10.46343361723777,-75.4588991499808
CARTAGENA,PUERTO DE MAMONAL S.A.  EN REORGANIZACION EMPRESARIAL,PUBLICO,CARBON AL GRANEL,129076,0,0,0,0,0,0,0,2018,1,BOLÍVAR,10.46343361723777,-75.4588991499808
CIENAGA,AMERICAN PORT COMPANY INC,PRIVADO,CARBON AL GRANEL,2389653,0,0,0,0,0,0,0,2018,7,MAGDALENA,10.88923297063992,-74.04277654824574
CIENAGA,AMERICAN PORT COMPANY INC,PRIVADO,CARBON AL GRANEL,2715489,0,0,0,0,0,0,0,2018,6,MAGDALENA,10.88923297063992,-74.04277654824574
CIENAGA,AMERICAN PORT COMPANY INC,PRIVADO,CARBON AL GRANEL,2806568,0,0,0,0,0,0,0,2018,12,MAGDALENA,10.88923297063992,-74.04277654824574
CIENAGA,AMERICAN PORT COMPANY INC,PRIVADO,CARBON AL GRANEL,2494652,0,0,0,0,0,0,0,2018,5,MAGDALENA,10.88923297063992,-74.04277654824574
CIENAGA,AMERICAN PORT COMPANY INC,PRIVADO,CARBON AL GRANEL,2614743,0,0,0,0,0,0,0,2018,8,MAGDALENA,10.88923297063992,-74.04277654824574
CIENAGA,AMERICAN PORT COMPANY INC,PRIVADO,CARBON AL GRANEL,2391596,0,0,0,0,0,0,0,2018,10,MAGDALENA,10.88923297063992,-74.04277654824574
CIENAGA,AMERICAN PORT COMPANY INC,PRIVADO,CARBON AL GRANEL,2812551,0,0,0,0,0,0,0,2018,3,MAGDALENA,10.88923297063992,-74.04277654824574
CIENAGA,AMERICAN PORT COMPANY INC,PRIVADO,CARBON AL GRANEL,2361848,0,0,0,0,0,0,0,2018,11,MAGDALENA,10.88923297063992,-74.04277654824574
CIENAGA,AMERICAN PORT COMPANY INC,PRIVADO,CARBON AL GRANEL,2296216,0,0,0,0,0,0,0,2018,4,MAGDALENA,10.88923297063992,-74.04277654824574
CIENAGA,AMERICAN PORT COMPANY INC,PRIVADO,CARBON AL GRANEL,2846110,0,0,0,0,0,0,0,2018,2,MAGDALENA,10.88923297063992,-74.04277654824574
CIENAGA,AMERICAN PORT COMPANY INC,PRIVADO,CARBON AL GRANEL,2904692,0,0,0,0,0,0,0,2018,9,MAGDALENA,10.88923297063992,-74.04277654824574
CIENAGA,AMERICAN PORT COMPANY INC,PRIVADO,CARBON AL GRANEL,2829171,0,0,0,0,0,0,0,2018,1,MAGDALENA,10.88923297063992,-74.04277654824574
G. MORROSQUILLO,COMPA�IA DE PUERTOS ASOCIADOS S.A.,PUBLICO,CARBON AL GRANEL,30326,0,0,0,0,0,0,0,2018,8,CÓRDOBA,9.587071984323645,-75.6699808100243
G. MORROSQUILLO,COMPA�IA DE PUERTOS ASOCIADOS S.A.,PUBLICO,GRANEL SOLIDO DIFER. DE CARBON,0,52893,0,0,0,0,0,0,2018,5,CÓRDOBA,9.587071984323645,-75.6699808100243
G. MORROSQUILLO,COMPA�IA DE PUERTOS ASOCIADOS S.A.,PUBLICO,GENERAL,0,814,0,0,0,0,0,0,2018,12,CÓRDOBA,9.587071984323645,-75.6699808100243
G. MORROSQUILLO,COMPA�IA DE PUERTOS ASOCIADOS S.A.,PUBLICO,GRANEL SOLIDO DIFER. DE CARBON,0,52076,0,0,0,0,0,0,2018,7,CÓRDOBA,9.587071984323645,-75.6699808100243
G. MORROSQUILLO,COMPA�IA DE PUERTOS ASOCIADOS S.A.,PUBLICO,GRANEL SOLIDO DIFER. DE CARBON,0,59287,0,0,0,0,0,0,2018,3,CÓRDOBA,9.587071984323645,-75.6699808100243
G. MORROSQUILLO,COMPA�IA DE PUERTOS ASOCIADOS S.A.,PUBLICO,GRANEL SOLIDO DIFER. DE CARBON,0,48709,0,0,0,0,0,0,2018,10,CÓRDOBA,9.587071984323645,-75.6699808100243
G. MORROSQUILLO,COMPA�IA DE PUERTOS ASOCIADOS S.A.,PUBLICO,CARBON AL GRANEL,31086,0,0,0,0,0,0,0,2018,9,CÓRDOBA,9.587071984323645,-75.6699808100243
G. MORROSQUILLO,COMPA�IA DE PUERTOS ASOCIADOS S.A.,PUBLICO,CARBON AL GRANEL,32650,0,0,0,0,0,0,0,2018,4,CÓRDOBA,9.587071984323645,-75.6699808100243
G. MORROSQUILLO,COMPA�IA DE PUERTOS ASOCIADOS S.A.,PUBLICO,CARBON AL GRANEL,60955,0,0,0,0,0,0,0,2018,12,CÓRDOBA,9.587071984323645,-75.6699808100243
G. MORROSQUILLO,COMPA�IA DE PUERTOS ASOCIADOS S.A.,PUBLICO,CARBON AL GRANEL,64896,0,0,0,0,0,0,0,2018,1,CÓRDOBA,9.587071984323645,-75.6699808100243
G. MORROSQUILLO,COMPA�IA DE PUERTOS ASOCIADOS S.A.,PUBLICO,CARBON AL GRANEL,29311,0,0,0,0,0,0,0,2018,3,CÓRDOBA,9.587071984323645,-75.6699808100243
G. MORROSQUILLO,COMPA�IA DE PUERTOS ASOCIADOS S.A.,PUBLICO,GRANEL SOLIDO DIFER. DE CARBON,0,32008,0,0,0,0,0,0,2018,4,CÓRDOBA,9.587071984323645,-75.6699808100243
G. MORROSQUILLO,COMPA�IA DE PUERTOS ASOCIADOS S.A.,PUBLICO,CARBON AL GRANEL,66203,0,0,0,0,0,0,0,2018,6,CÓRDOBA,9.587071984323645,-75.6699808100243
G. MORROSQUILLO,COMPA�IA DE PUERTOS ASOCIADOS S.A.,PUBLICO,CARBON AL GRANEL,30794,0,0,0,0,0,0,0,2018,11,CÓRDOBA,9.587071984323645,-75.6699808100243
G. MORROSQUILLO,COMPA�IA DE PUERTOS ASOCIADOS S.A.,PUBLICO,GRANEL SOLIDO DIFER. DE CARBON,0,25201,0,0,0,0,0,0,2018,2,CÓRDOBA,9.587071984323645,-75.6699808100243
G. MORROSQUILLO,COMPA�IA DE PUERTOS ASOCIADOS S.A.,PUBLICO,GRANEL SOLIDO DIFER. DE CARBON,0,14353,0,0,0,0,0,0,2018,6,CÓRDOBA,9.587071984323645,-75.6699808100243
G. MORROSQUILLO,COMPA�IA DE PUERTOS ASOCIADOS S.A.,PUBLICO,GRANEL SOLIDO DIFER. DE CARBON,0,17270,0,0,0,0,0,0,2018,8,CÓRDOBA,9.587071984323645,-75.6699808100243
G. MORROSQUILLO,COMPA�IA DE PUERTOS ASOCIADOS S.A.,PUBLICO,CARBON AL GRANEL,11326,0,0,0,0,0,0,0,2018,7,CÓRDOBA,9.587071984323645,-75.6699808100243
G. MORROSQUILLO,COMPA�IA DE PUERTOS ASOCIADOS S.A.,PUBLICO,GRANEL SOLIDO DIFER. DE CARBON,0,49502,0,0,0,0,0,0,2018,11,CÓRDOBA,9.587071984323645,-75.6699808100243
G. MORROSQUILLO,COMPA�IA DE PUERTOS ASOCIADOS S.A.,PUBLICO,GRANEL SOLIDO DIFER. DE CARBON,0,63943,0,0,0,0,0,0,2018,12,CÓRDOBA,9.587071984323645,-75.6699808100243
G. MORROSQUILLO,COMPA�IA DE PUERTOS ASOCIADOS S.A.,PUBLICO,GRANEL SOLIDO DIFER. DE CARBON,0,37650,0,0,0,0,0,0,2018,1,CÓRDOBA,9.587071984323645,-75.6699808100243
G. MORROSQUILLO,COMPA�IA DE PUERTOS ASOCIADOS S.A.,PUBLICO,GRANEL SOLIDO DIFER. DE CARBON,0,42311,0,0,0,0,0,0,2018,9,CÓRDOBA,9.587071984323645,-75.6699808100243
SANTA MARTA,SOCIEDAD PORTUARIA REGIONAL DE SANTA MARTA SA,PUBLICO,CARBON AL GRANEL,123983,0,0,0,0,0,0,0,2018,12,MAGDALENA,11.12189435626587,-73.88527855066405
SANTA MARTA,SOCIEDAD PORTUARIA REGIONAL DE SANTA MARTA SA,PUBLICO,GRANEL LIQUIDO,51555,23113,0,0,0,0,0,0,2018,6,MAGDALENA,11.12189435626587,-73.88527855066405
SANTA MARTA,SOCIEDAD PORTUARIA REGIONAL DE SANTA MARTA SA,PUBLICO,GENERAL,644,24213,0,0,0,0,0,0,2018,2,MAGDALENA,11.12189435626587,-73.88527855066405
SANTA MARTA,SOCIEDAD PORTUARIA REGIONAL DE SANTA MARTA SA,PUBLICO,CARBON AL GRANEL,258481,0,0,0,0,0,0,0,2018,4,MAGDALENA,11.12189435626587,-73.88527855066405
SANTA MARTA,SOCIEDAD PORTUARIA REGIONAL DE SANTA MARTA SA,PUBLICO,GRANEL LIQUIDO,35693,6386,0,0,0,0,0,0,2018,7,MAGDALENA,11.12189435626587,-73.88527855066405
SANTA MARTA,SOCIEDAD PORTUARIA REGIONAL DE SANTA MARTA SA,PUBLICO,GRANEL LIQUIDO,12016,13506,0,0,0,0,0,0,2018,1,MAGDALENA,11.12189435626587,-73.88527855066405
SANTA MARTA,SOCIEDAD PORTUARIA REGIONAL DE SANTA MARTA SA,PUBLICO,GRANEL LIQUIDO,35187,17267,0,0,0,0,0,0,2018,10,MAGDALENA,11.12189435626587,-73.88527855066405
SANTA MARTA,SOCIEDAD PORTUARIA REGIONAL DE SANTA MARTA SA,PUBLICO,CARBON AL GRANEL,364080,0,0,0,0,0,0,0,2018,9,MAGDALENA,11.12189435626587,-73.88527855066405
SANTA MARTA,SOCIEDAD PORTUARIA REGIONAL DE SANTA MARTA SA,PUBLICO,GENERAL,1887,22002,442,0,0,0,0,0,2018,12,MAGDALENA,11.12189435626587,-73.88527855066405
SANTA MARTA,SOCIEDAD PORTUARIA REGIONAL DE SANTA MARTA SA,PUBLICO,CONTENEDORES,39208,29833,809,0,0,42,0,0,2018,5,MAGDALENA,11.12189435626587,-73.88527855066405
SANTA MARTA,SOCIEDAD PORTUARIA REGIONAL DE SANTA MARTA SA,PUBLICO,GENERAL,774,26358,788,0,0,0,0,0,2018,6,MAGDALENA,11.12189435626587,-73.88527855066405
SANTA MARTA,SOCIEDAD PORTUARIA REGIONAL DE SANTA MARTA SA,PUBLICO,GRANEL LIQUIDO,21927,16336,0,0,0,0,0,0,2018,3,MAGDALENA,11.12189435626587,-73.88527855066405
SANTA MARTA,SOCIEDAD PORTUARIA REGIONAL DE SANTA MARTA SA,PUBLICO,GENERAL,1701,6658,0,0,0,0,0,0,2018,7,MAGDALENA,11.12189435626587,-73.88527855066405
SANTA MARTA,SOCIEDAD PORTUARIA REGIONAL DE SANTA MARTA SA,PUBLICO,GENERAL,1351,21340,0,0,0,0,0,0,2018,11,MAGDALENA,11.12189435626587,-73.88527855066405
SANTA MARTA,SOCIEDAD PORTUARIA REGIONAL DE SANTA MARTA SA,PUBLICO,CONTENEDORES,38540,21632,455,0,0,1580,0,0,2018,9,MAGDALENA,11.12189435626587,-73.88527855066405
SANTA MARTA,SOCIEDAD PORTUARIA REGIONAL DE SANTA MARTA SA,PUBLICO,GRANEL SOLIDO DIFER. DE CARBON,0,179372,0,0,0,0,0,0,2018,1,MAGDALENA,11.12189435626587,-73.88527855066405
SANTA MARTA,SOCIEDAD PORTUARIA REGIONAL DE SANTA MARTA SA,PUBLICO,CONTENEDORES,26572,17807,518,0,0,63,0,0,2018,1,MAGDALENA,11.12189435626587,-73.88527855066405
SANTA MARTA,SOCIEDAD PORTUARIA REGIONAL DE SANTA MARTA SA,PUBLICO,GRANEL SOLIDO DIFER. DE CARBON,0,211782,0,0,0,0,0,0,2018,5,MAGDALENA,11.12189435626587,-73.88527855066405
SANTA MARTA,SOCIEDAD PORTUARIA REGIONAL DE SANTA MARTA SA,PUBLICO,GRANEL SOLIDO DIFER. DE CARBON,0,170219,0,0,0,0,0,0,2018,4,MAGDALENA,11.12189435626587,-73.88527855066405
SANTA MARTA,SOCIEDAD PORTUARIA REGIONAL DE SANTA MARTA SA,PUBLICO,GRANEL SOLIDO DIFER. DE CARBON,0,186988,0,0,0,0,0,0,2018,3,MAGDALENA,11.12189435626587,-73.88527855066405
SANTA MARTA,SOCIEDAD PORTUARIA REGIONAL DE SANTA MARTA SA,PUBLICO,GENERAL,1096,24958,0,0,0,0,0,0,2018,5,MAGDALENA,11.12189435626587,-73.88527855066405
SANTA MARTA,SOCIEDAD PORTUARIA REGIONAL DE SANTA MARTA SA,PUBLICO,CARBON AL GRANEL,220822,0,0,0,0,0,0,0,2018,6,MAGDALENA,11.12189435626587,-73.88527855066405
SANTA MARTA,SOCIEDAD PORTUARIA REGIONAL DE SANTA MARTA SA,PUBLICO,CONTENEDORES,47248,33077,809,0,0,110,0,0,2018,7,MAGDALENA,11.12189435626587,-73.88527855066405
SANTA MARTA,SOCIEDAD PORTUARIA REGIONAL DE SANTA MARTA SA,PUBLICO,GRANEL SOLIDO DIFER. DE CARBON,0,104504,0,0,0,0,0,0,2018,2,MAGDALENA,11.12189435626587,-73.88527855066405
SANTA MARTA,SOCIEDAD PORTUARIA REGIONAL DE SANTA MARTA SA,PUBLICO,CONTENEDORES,37496,21093,1579,0,0,135,0,0,2018,3,MAGDALENA,11.12189435626587,-73.88527855066405
SANTA MARTA,SOCIEDAD PORTUARIA REGIONAL DE SANTA MARTA SA,PUBLICO,GENERAL,2442,16071,0,0,0,0,0,0,2018,4,MAGDALENA,11.12189435626587,-73.88527855066405
SANTA MARTA,SOCIEDAD PORTUARIA REGIONAL DE SANTA MARTA SA,PUBLICO,CARBON AL GRANEL,183842,0,0,0,0,0,0,0,2018,8,MAGDALENA,11.12189435626587,-73.88527855066405
SANTA MARTA,SOCIEDAD PORTUARIA REGIONAL DE SANTA MARTA SA,PUBLICO,CARBON AL GRANEL,385826,0,0,0,0,0,0,0,2018,5,MAGDALENA,11.12189435626587,-73.88527855066405
SANTA MARTA,SOCIEDAD PORTUARIA REGIONAL DE SANTA MARTA SA,PUBLICO,GRANEL LIQUIDO,47507,14335,0,0,0,0,0,0,2018,12,MAGDALENA,11.12189435626587,-73.88527855066405
SANTA MARTA,SOCIEDAD PORTUARIA REGIONAL DE SANTA MARTA SA,PUBLICO,CONTENEDORES,16411,18022,1554,0,0,136,0,0,2018,2,MAGDALENA,11.12189435626587,-73.88527855066405
SANTA MARTA,SOCIEDAD PORTUARIA REGIONAL DE SANTA MARTA SA,PUBLICO,CARBON AL GRANEL,94061,0,0,0,0,0,0,0,2018,11,MAGDALENA,11.12189435626587,-73.88527855066405
SANTA MARTA,SOCIEDAD PORTUARIA REGIONAL DE SANTA MARTA SA,PUBLICO,GENERAL,1898,13129,0,0,0,0,0,0,2018,10,MAGDALENA,11.12189435626587,-73.88527855066405
SANTA MARTA,SOCIEDAD PORTUARIA REGIONAL DE SANTA MARTA SA,PUBLICO,GRANEL LIQUIDO,17932,13482,0,0,0,0,0,0,2018,5,MAGDALENA,11.12189435626587,-73.88527855066405
SANTA MARTA,SOCIEDAD PORTUARIA REGIONAL DE SANTA MARTA SA,PUBLICO,GRANEL SOLIDO DIFER. DE CARBON,0,111802,0,0,0,0,0,0,2018,11,MAGDALENA,11.12189435626587,-73.88527855066405
SANTA MARTA,SOCIEDAD PORTUARIA REGIONAL DE SANTA MARTA SA,PUBLICO,GRANEL SOLIDO DIFER. DE CARBON,0,133823,0,0,0,0,0,0,2018,8,MAGDALENA,11.12189435626587,-73.88527855066405
SANTA MARTA,SOCIEDAD PORTUARIA REGIONAL DE SANTA MARTA SA,PUBLICO,CARBON AL GRANEL,380956,0,0,0,0,0,0,0,2018,3,MAGDALENA,11.12189435626587,-73.88527855066405
SANTA MARTA,SOCIEDAD PORTUARIA REGIONAL DE SANTA MARTA SA,PUBLICO,GRANEL LIQUIDO,30521,22061,0,0,0,0,0,0,2018,2,MAGDALENA,11.12189435626587,-73.88527855066405
SANTA MARTA,SOCIEDAD PORTUARIA REGIONAL DE SANTA MARTA SA,PUBLICO,GRANEL SOLIDO DIFER. DE CARBON,0,205762,0,0,0,0,0,0,2018,10,MAGDALENA,11.12189435626587,-73.88527855066405
SANTA MARTA,SOCIEDAD PORTUARIA REGIONAL DE SANTA MARTA SA,PUBLICO,GRANEL LIQUIDO,25614,3000,0,0,0,0,0,0,2018,9,MAGDALENA,11.12189435626587,-73.88527855066405
SANTA MARTA,SOCIEDAD PORTUARIA REGIONAL DE SANTA MARTA SA,PUBLICO,GRANEL SOLIDO DIFER. DE CARBON,0,271702,0,0,0,0,0,0,2018,12,MAGDALENA,11.12189435626587,-73.88527855066405
SANTA MARTA,SOCIEDAD PORTUARIA REGIONAL DE SANTA MARTA SA,PUBLICO,GRANEL LIQUIDO,16774,4926,0,0,0,0,0,0,2018,11,MAGDALENA,11.12189435626587,-73.88527855066405
SANTA MARTA,SOCIEDAD PORTUARIA REGIONAL DE SANTA MARTA SA,PUBLICO,GRANEL LIQUIDO,52300,13719,0,0,0,0,0,0,2018,4,MAGDALENA,11.12189435626587,-73.88527855066405
SANTA MARTA,SOCIEDAD PORTUARIA REGIONAL DE SANTA MARTA SA,PUBLICO,CARBON AL GRANEL,145517,0,0,0,0,0,0,0,2018,2,MAGDALENA,11.12189435626587,-73.88527855066405
SANTA MARTA,SOCIEDAD PORTUARIA REGIONAL DE SANTA MARTA SA,PUBLICO,GRANEL SOLIDO DIFER. DE CARBON,0,167841,0,0,0,0,0,0,2018,6,MAGDALENA,11.12189435626587,-73.88527855066405
SANTA MARTA,SOCIEDAD PORTUARIA REGIONAL DE SANTA MARTA SA,PUBLICO,GENERAL,1974,10556,0,0,0,0,0,0,2018,8,MAGDALENA,11.12189435626587,-73.88527855066405
SANTA MARTA,SOCIEDAD PORTUARIA REGIONAL DE SANTA MARTA SA,PUBLICO,GENERAL,1839,17897,0,0,0,3,0,0,2018,9,MAGDALENA,11.12189435626587,-73.88527855066405
SANTA MARTA,SOCIEDAD PORTUARIA REGIONAL DE SANTA MARTA SA,PUBLICO,CARBON AL GRANEL,305913,0,0,0,0,0,0,0,2018,1,MAGDALENA,11.12189435626587,-73.88527855066405
SANTA MARTA,SOCIEDAD PORTUARIA REGIONAL DE SANTA MARTA SA,PUBLICO,CONTENEDORES,43979,24111,1060,0,0,49,0,0,2018,8,MAGDALENA,11.12189435626587,-73.88527855066405
SANTA MARTA,SOCIEDAD PORTUARIA REGIONAL DE SANTA MARTA SA,PUBLICO,CONTENEDORES,48298,24755,843,0,0,493,0,0,2018,11,MAGDALENA,11.12189435626587,-73.88527855066405
SANTA MARTA,SOCIEDAD PORTUARIA REGIONAL DE SANTA MARTA SA,PUBLICO,GENERAL,873,15583,0,0,0,0,0,0,2018,3,MAGDALENA,11.12189435626587,-73.88527855066405
SANTA MARTA,SOCIEDAD PORTUARIA REGIONAL DE SANTA MARTA SA,PUBLICO,GENERAL,901,14929,0,0,0,0,0,0,2018,1,MAGDALENA,11.12189435626587,-73.88527855066405
SANTA MARTA,SOCIEDAD PORTUARIA REGIONAL DE SANTA MARTA SA,PUBLICO,CONTENEDORES,55333,24786,625,0,0,0,0,0,2018,6,MAGDALENA,11.12189435626587,-73.88527855066405
SANTA MARTA,SOCIEDAD PORTUARIA REGIONAL DE SANTA MARTA SA,PUBLICO,GRANEL SOLIDO DIFER. DE CARBON,0,170804,0,0,0,0,0,0,2018,7,MAGDALENA,11.12189435626587,-73.88527855066405
SANTA MARTA,SOCIEDAD PORTUARIA REGIONAL DE SANTA MARTA SA,PUBLICO,GRANEL LIQUIDO,32748,19735,0,0,0,0,0,0,2018,8,MAGDALENA,11.12189435626587,-73.88527855066405
SANTA MARTA,SOCIEDAD PORTUARIA REGIONAL DE SANTA MARTA SA,PUBLICO,CONTENEDORES,44080,25826,1818,0,0,109,0,0,2018,4,MAGDALENA,11.12189435626587,-73.88527855066405
SANTA MARTA,SOCIEDAD PORTUARIA REGIONAL DE SANTA MARTA SA,PUBLICO,CONTENEDORES,35060,28951,3161,0,0,249,0,0,2018,12,MAGDALENA,11.12189435626587,-73.88527855066405
SANTA MARTA,SOCIEDAD PORTUARIA REGIONAL DE SANTA MARTA SA,PUBLICO,GRANEL SOLIDO DIFER. DE CARBON,0,237846,0,0,0,0,0,0,2018,9,MAGDALENA,11.12189435626587,-73.88527855066405
SANTA MARTA,SOCIEDAD PORTUARIA REGIONAL DE SANTA MARTA SA,PUBLICO,CARBON AL GRANEL,297205,0,0,0,0,0,0,0,2018,7,MAGDALENA,11.12189435626587,-73.88527855066405
SANTA MARTA,SOCIEDAD PORTUARIA REGIONAL DE SANTA MARTA SA,PUBLICO,CARBON AL GRANEL,247597,0,0,0,0,0,0,0,2018,10,MAGDALENA,11.12189435626587,-73.88527855066405
SANTA MARTA,SOCIEDAD PORTUARIA REGIONAL DE SANTA MARTA SA,PUBLICO,CONTENEDORES,56390,21302,1486,0,0,1073,0,0,2018,10,MAGDALENA,11.12189435626587,-73.88527855066405
Z.P. RIO MAGDALENA,PUERTO PIMSA S.A.,PUBLICO,GENERAL,0,0,0,0,0,11445,0,0,2018,10,ATLÁNTICO,10.84828864160194,-74.80617554883933
Z.P. RIO MAGDALENA,PUERTO PIMSA S.A.,PUBLICO,GRANEL SOLIDO DIFER. DE CARBON,0,5130,0,0,0,0,0,0,2018,11,ATLÁNTICO,10.84828864160194,-74.80617554883933
Z.P. RIO MAGDALENA,PUERTO PIMSA S.A.,PUBLICO,GENERAL,0,0,0,0,0,6689,0,0,2018,1,ATLÁNTICO,10.84828864160194,-74.80617554883933
Z.P. RIO MAGDALENA,PUERTO PIMSA S.A.,PUBLICO,GENERAL,0,0,0,0,0,6282,0,0,2018,5,ATLÁNTICO,10.84828864160194,-74.80617554883933
Z.P. RIO MAGDALENA,PUERTO PIMSA S.A.,PUBLICO,GRANEL SOLIDO DIFER. DE CARBON,0,0,0,0,0,5546,0,0,2018,9,ATLÁNTICO,10.84828864160194,-74.80617554883933
Z.P. RIO MAGDALENA,PUERTO PIMSA S.A.,PUBLICO,GRANEL SOLIDO DIFER. DE CARBON,3401,5046,0,0,0,0,0,0,2018,7,ATLÁNTICO,10.84828864160194,-74.80617554883933
Z.P. RIO MAGDALENA,PUERTO PIMSA S.A.,PUBLICO,GRANEL SOLIDO DIFER. DE CARBON,0,0,0,0,0,2071,0,0,2018,3,ATLÁNTICO,10.84828864160194,-74.80617554883933
Z.P. RIO MAGDALENA,PUERTO PIMSA S.A.,PUBLICO,GENERAL,0,0,0,0,0,15148,0,0,2018,7,ATLÁNTICO,10.84828864160194,-74.80617554883933
Z.P. RIO MAGDALENA,PUERTO PIMSA S.A.,PUBLICO,GRANEL SOLIDO DIFER. DE CARBON,3494,4884,0,0,0,0,0,0,2018,1,ATLÁNTICO,10.84828864160194,-74.80617554883933
Z.P. RIO MAGDALENA,PUERTO PIMSA S.A.,PUBLICO,GRANEL SOLIDO DIFER. DE CARBON,0,3992,0,0,0,2818,0,0,2018,4,ATLÁNTICO,10.84828864160194,-74.80617554883933
Z.P. RIO MAGDALENA,PUERTO PIMSA S.A.,PUBLICO,GENERAL,0,0,0,0,0,17159,0,0,2018,3,ATLÁNTICO,10.84828864160194,-74.80617554883933
Z.P. RIO MAGDALENA,PUERTO PIMSA S.A.,PUBLICO,GRANEL SOLIDO DIFER. DE CARBON,3411,0,0,0,0,0,0,0,2018,10,ATLÁNTICO,10.84828864160194,-74.80617554883933
Z.P. RIO MAGDALENA,PUERTO PIMSA S.A.,PUBLICO,GRANEL SOLIDO DIFER. DE CARBON,0,0,0,0,0,2370,0,0,2018,6,ATLÁNTICO,10.84828864160194,-74.80617554883933
Z.P. RIO MAGDALENA,PUERTO PIMSA S.A.,PUBLICO,GRANEL SOLIDO DIFER. DE CARBON,3398,0,0,0,0,0,0,0,2018,5,ATLÁNTICO,10.84828864160194,-74.80617554883933
Z.P. RIO MAGDALENA,PUERTO PIMSA S.A.,PUBLICO,GRANEL SOLIDO DIFER. DE CARBON,0,0,0,0,747,5618,0,0,2018,12,ATLÁNTICO,10.84828864160194,-74.80617554883933
Z.P. RIO MAGDALENA,PUERTO PIMSA S.A.,PUBLICO,GRANEL SOLIDO DIFER. DE CARBON,0,5224,0,0,0,0,0,0,2018,8,ATLÁNTICO,10.84828864160194,-74.80617554883933
